sha256,removed_image_path,removed_split,kept_image_path,kept_split,reason
00950d690534f86dd63848b55140cfc1587181449c1f906046f940571bfa6368,/kaggle/working/denguewatch_yolov8m_workspace/raw_data/roboflow_mosquito-breeding-expanded_v3_yolov8/train/images/images-12-1-_jpg.rf.e02530ef735ee9ea4c11f46f1f35b239.jpg,train,/kaggle/working/denguewatch_yolov8m_workspace/raw_data/roboflow_mosquito-breeding-expanded_v3_yolov8/train/images/images-12-1-_jpg.rf.11b1bd768aa865e800d12c9de6757974.jpg,train,exact_duplicate_sha256_removed_to_prevent_leakage
0208573db05f1c08998f5a19cc055a7cd1de249da0f28d1e8a80a61ecb020393,/kaggle/working/denguewatch_yolov8m_workspace/raw_data/roboflow_mosquito-breeding-expanded_v3_yolov8/train/images/download-3-1-_jpg.rf.fdaba077ae485d2466a5fc941fe5fda0.jpg,train,/kaggle/working/denguewatch_yolov8m_workspace/raw_data/roboflow_mosquito-breeding-expanded_v3_yolov8/train/images/download-3-1-_jpg.rf.f50a9f638e32d4d9824cf647c6ed1a68.jpg,train,exact_duplicate_sha256_removed_to_prevent_leakage
02478fed90a52387be4f7b5a5af71168536dae2d4bcc5715a12e00e9633cfe24,/kaggle/working/denguewatch_yolov8m_workspace/raw_data/roboflow_mosquito-breeding-expanded_v3_yolov8/train/images/D_887238-MLB44886387857_022021-O_jpg.rf.b696074d0044e367e1008704684ba3e1.jpg,train,/kaggle/working/denguewatch_yolov8m_workspace/raw_data/roboflow_mosquito-breeding-expanded_v3_yolov8/valid/images/D_887238-MLB44886387857_022021-O_jpg.rf.2d83695a2770bdb6af54843b13713db7.jpg,valid,exact_duplicate_sha256_removed_to_prevent_leakage
03163423db66014ee9ef4a9cc7a951670a37610603121398e9248af510e47eb2,/kaggle/working/denguewatch_yolov8m_workspace/raw_data/roboflow_mosquito-breeding-expanded_v3_yolov8/train/images/images-17-_jpg.rf.6771ee395420810f76c21345af953c02.jpg,train,/kaggle/working/denguewatch_yolov8m_workspace/raw_data/roboflow_mosquito-breeding-expanded_v3_yolov8/valid/images/images-17-_jpg.rf.81439e40937365ddf41cf9e16a5337d2.jpg,valid,exact_duplicate_sha256_removed_to_prevent_leakage
04326e5157b88e31784e2adf85cbd3cf91aeb9a0211770cb510426ebf5300af5,/kaggle/working/denguewatch_yolov8m_workspace/raw_data/roboflow_mosquito-breeding-expanded_v3_yolov8/train/images/garrafa13_jpg.rf.c0753e2bfceb6d6febfc21a0dd59fa27.jpg,train,/kaggle/working/denguewatch_yolov8m_workspace/raw_data/roboflow_mosquito-breeding-expanded_v3_yolov8/train/images/garrafa13_jpg.rf.6eca94046c68aa6926a197daaee3380b.jpg,train,exact_duplicate_sha256_removed_to_prevent_leakage
04a95ba13396763323ea7ebb9492cdb4f3f18e2cfd558d9b44022cc0a3726a24,/kaggle/working/denguewatch_yolov8m_workspace/raw_data/roboflow_mosquito-breeding-expanded_v3_yolov8/train/images/download-1-1-_jpg.rf.2f3525965b4c5352404d03176b086e4f.jpg,train,/kaggle/working/denguewatch_yolov8m_workspace/raw_data/roboflow_mosquito-breeding-expanded_v3_yolov8/train/images/download-1-1-_jpg.rf.22b0bfb367fb70aea7916ff45e382e15.jpg,train,exact_duplicate_sha256_removed_to_prevent_leakage
053368bd39d37bc9ec069fdb98438199fe33761b2933282d33b88bdacda42b91,/kaggle/working/denguewatch_yolov8m_workspace/raw_data/roboflow_mosquito-breeding-expanded_v3_yolov8/train/images/images-24-_jpg.rf.bd31fbdeeb8e9635b514b50db3ed8223.jpg,train,/kaggle/working/denguewatch_yolov8m_workspace/raw_data/roboflow_mosquito-breeding-expanded_v3_yolov8/test/images/images-24-_jpg.rf.1584df52cb635c349a3486701abefad9.jpg,test,exact_duplicate_sha256_removed_to_prevent_leakage
0566ba5bf05c433511e4fbe00c4ee79159dc94448de1e6447ce4ff6b147107cb,/kaggle/working/denguewatch_yolov8m_workspace/raw_data/roboflow_mosquito-breeding-expanded_v3_yolov8/train/images/imagem9_jpg.rf.b8664ce723d9e5d4f2701f863d5a8ba7.jpg,train,/kaggle/working/denguewatch_yolov8m_workspace/raw_data/roboflow_mosquito-breeding-expanded_v3_yolov8/train/images/imagem9_jpg.rf.95bf2b9090a499cf07abe6d8516884f2.jpg,train,exact_duplicate_sha256_removed_to_prevent_leakage
05806023a1aec5fa4090b408cc74d9cc712e6a2402bd1448d46d0e9185e5248c,/kaggle/working/denguewatch_yolov8m_workspace/raw_data/roboflow_mosquito-breeding-expanded_v3_yolov8/train/images/garrafas-pet-podem-entupir-esgoto-700x467_jpg.rf.f9b1ecd73384acf653c17babca6030be.jpg,train,/kaggle/working/denguewatch_yolov8m_workspace/raw_data/roboflow_mosquito-breeding-expanded_v3_yolov8/train/images/garrafas-pet-podem-entupir-esgoto-700x467_jpg.rf.7bfb6db10298fa92f6e65e6fdf562662.jpg,train,exact_duplicate_sha256_removed_to_prevent_leakage
09804c8e42b78dab4cfb987364333b9c70daf86d8a2182f5845f903154e9f16e,/kaggle/working/denguewatch_yolov8m_workspace/raw_data/roboflow_mosquito-breeding-expanded_v3_yolov8/train/images/images-23-_jpg.rf.58ffbf78848f84f68e2121059732fc0a.jpg,train,/kaggle/working/denguewatch_yolov8m_workspace/raw_data/roboflow_mosquito-breeding-expanded_v3_yolov8/valid/images/images-23-_jpg.rf.f280d0c0b4a83feb92229555683760b9.jpg,valid,exact_duplicate_sha256_removed_to_prevent_leakage
0a540a085ceda3540cc9763a7e1e96282c90b92dd1a5e640e394e35ad503cdf5,/kaggle/working/denguewatch_yolov8m_workspace/raw_data/roboflow_mosquito-breeding-expanded_v3_yolov8/train/images/imagem14_jpg.rf.ae4231f4dea21ace1d5e6736874fd3af.jpg,train,/kaggle/working/denguewatch_yolov8m_workspace/raw_data/roboflow_mosquito-breeding-expanded_v3_yolov8/train/images/imagem14_jpg.rf.8ca9f56068223d4671cb675248db2d02.jpg,train,exact_duplicate_sha256_removed_to_prevent_leakage
0a7e181ccb0ce14ed24ca13bad9519664565c7c47f9868031bea6ee62971e87f,/kaggle/working/denguewatch_yolov8m_workspace/raw_data/roboflow_mosquito-breeding-expanded_v3_yolov8/train/images/images-3-_jpeg_jpg.rf.448624cfc0d60577b686136c6facf971.jpg,train,/kaggle/working/denguewatch_yolov8m_workspace/raw_data/roboflow_mosquito-breeding-expanded_v3_yolov8/train/images/images-3-_jpeg_jpg.rf.406b3c2b89839ab553953d1baf7bba36.jpg,train,exact_duplicate_sha256_removed_to_prevent_leakage
0b61b2e130a0bff2f4ce8ebd8e0577715770a5530451db9384b91c3f0f5dff64,/kaggle/working/denguewatch_yolov8m_workspace/raw_data/roboflow_mosquito-breeding-expanded_v3_yolov8/train/images/caixaaberta21_jpeg_jpg.rf.f9a07ebfb7f994898ab3bc1cadf2a5bd.jpg,train,/kaggle/working/denguewatch_yolov8m_workspace/raw_data/roboflow_mosquito-breeding-expanded_v3_yolov8/train/images/caixaaberta21_jpeg_jpg.rf.b39aab4bf94d33b6f05eef4070ebbd72.jpg,train,exact_duplicate_sha256_removed_to_prevent_leakage
0bbe77310108478a4f1d8601a8df6e7f592312d18a1b0047e15a57d44fe58bc9,/kaggle/working/denguewatch_yolov8m_workspace/raw_data/roboflow_mosquito-breeding-expanded_v3_yolov8/train/images/caixaaberta8_jpeg_jpg.rf.d356774bb73b902d94623b6c5791a455.jpg,train,/kaggle/working/denguewatch_yolov8m_workspace/raw_data/roboflow_mosquito-breeding-expanded_v3_yolov8/train/images/caixaaberta8_jpeg_jpg.rf.a8fa20e7f29fd08f514e9fc925a7449f.jpg,train,exact_duplicate_sha256_removed_to_prevent_leakage
0ee885f72c0f5fe98c5daf3604d7154b10c9f3c866b212c3eb92808256ae44b1,/kaggle/working/denguewatch_yolov8m_workspace/raw_data/roboflow_mosquito-breeding-expanded_v3_yolov8/train/images/imagem6_jpg.rf.11921c7c1ddcb718a264fe79da05155b.jpg,train,/kaggle/working/denguewatch_yolov8m_workspace/raw_data/roboflow_mosquito-breeding-expanded_v3_yolov8/valid/images/imagem6_jpg.rf.97baabfc3a4d00a708b2e4ca92038048.jpg,valid,exact_duplicate_sha256_removed_to_prevent_leakage
0fb4ca85891b04e91331423c6e5c8689ebaaa762bd921811684a7c2801cf37b2,/kaggle/working/denguewatch_yolov8m_workspace/raw_data/roboflow_mosquito-breeding-expanded_v3_yolov8/train/images/images-3-1-_jpg.rf.6703eb793500a9ef4fb43da0a0c54de9.jpg,train,/kaggle/working/denguewatch_yolov8m_workspace/raw_data/roboflow_mosquito-breeding-expanded_v3_yolov8/train/images/images-3-1-_jpg.rf.5ca3049a495aa72385a1dfc06656fec4.jpg,train,exact_duplicate_sha256_removed_to_prevent_leakage
11ee2cfc72dbcb67c19851a37ee452350406605df8d3815ada30193e27a17282,/kaggle/working/denguewatch_yolov8m_workspace/raw_data/roboflow_mosquito-breeding-expanded_v3_yolov8/train/images/images-57-_jpg.rf.c46acbe8eb9c6b81ce1670fda62ae3e7.jpg,train,/kaggle/working/denguewatch_yolov8m_workspace/raw_data/roboflow_mosquito-breeding-expanded_v3_yolov8/train/images/images-57-_jpg.rf.4e3d3278571432ee034c5ef651faf7e6.jpg,train,exact_duplicate_sha256_removed_to_prevent_leakage
11f766d9505d8b5f9e5cbbe2c720a7492f4433aa30771fc4455e60521b15048d,/kaggle/working/denguewatch_yolov8m_workspace/raw_data/roboflow_mosquito-breeding-expanded_v3_yolov8/train/images/garrafa7_jpg.rf.2e3b0e40216befe1bac9ebac3d986ce9.jpg,train,/kaggle/working/denguewatch_yolov8m_workspace/raw_data/roboflow_mosquito-breeding-expanded_v3_yolov8/valid/images/garrafa7_jpg.rf.f664b5e96bc08ad0152d7e62b48cb72f.jpg,valid,exact_duplicate_sha256_removed_to_prevent_leakage
1273425586d6feaa23eec29c63f73371c54ad9b95ec05c72fb475d13168de6f2,/kaggle/working/denguewatch_yolov8m_workspace/raw_data/roboflow_mosquito-breeding-expanded_v3_yolov8/train/images/caixad-agua2_jpg.rf.bbdfd29248abddb4ef8d01e1148cb0c9.jpg,train,/kaggle/working/denguewatch_yolov8m_workspace/raw_data/roboflow_mosquito-breeding-expanded_v3_yolov8/train/images/caixad-agua2_jpg.rf.81816988f994592ad1480a08a2aeff80.jpg,train,exact_duplicate_sha256_removed_to_prevent_leakage
127a1ef66484e0cb0665c7f40b1d8be60e8e595911a053991bf1e0c60d7750d3,/kaggle/working/denguewatch_yolov8m_workspace/raw_data/roboflow_mosquito-breeding-expanded_v3_yolov8/train/images/images-15-_jpg.rf.2390970b026feb419e55f04d2c9ed41c.jpg,train,/kaggle/working/denguewatch_yolov8m_workspace/raw_data/roboflow_mosquito-breeding-expanded_v3_yolov8/test/images/images-15-_jpg.rf.554633b59400818a9420c08fdd4f5427.jpg,test,exact_duplicate_sha256_removed_to_prevent_leakage
133f4d7be7e717ed16f66a07cc18e11fd09201e6b329c81948ac2b986ee51f98,/kaggle/working/denguewatch_yolov8m_workspace/raw_data/roboflow_mosquito-breeding-expanded_v3_yolov8/train/images/caixaaberta28_jpeg_jpg.rf.f3310b5706c42a8faee0dfe1488695f7.jpg,train,/kaggle/working/denguewatch_yolov8m_workspace/raw_data/roboflow_mosquito-breeding-expanded_v3_yolov8/train/images/caixaaberta28_jpeg_jpg.rf.918a48a176f41402e13388b1af949e14.jpg,train,exact_duplicate_sha256_removed_to_prevent_leakage
14064a003509475646a9524c53529e03be4b2d80b8975e13fe9c2a5efe4cdbaa,/kaggle/working/denguewatch_yolov8m_workspace/raw_data/roboflow_mosquito-breeding-expanded_v3_yolov8/train/images/images-2-1-_jpg.rf.f7bbbc10fe06e5b6a196c421042a4d81.jpg,train,/kaggle/working/denguewatch_yolov8m_workspace/raw_data/roboflow_mosquito-breeding-expanded_v3_yolov8/valid/images/images-2-1-_jpg.rf.12c3a962f48e0e9dfd5e9b6872063e09.jpg,valid,exact_duplicate_sha256_removed_to_prevent_leakage
150ecdbf21e7f0cb3177a7191e477030abfce3967fea56ac6356ad7c59b7f9e3,/kaggle/working/denguewatch_yolov8m_workspace/raw_data/roboflow_mosquito-breeding-expanded_v3_yolov8/train/images/images-55-_jpg.rf.77650cecfc0f7b4106c8a6b0651cd27c.jpg,train,/kaggle/working/denguewatch_yolov8m_workspace/raw_data/roboflow_mosquito-breeding-expanded_v3_yolov8/train/images/images-55-_jpg.rf.73cabdb97d0d52d3d09e9a95ec7d78b7.jpg,train,exact_duplicate_sha256_removed_to_prevent_leakage
17fcf4c8d21ec0ff2fd4074c77cc6eb56bcfa284292c8838915ed9a37ea7ec81,/kaggle/working/denguewatch_yolov8m_workspace/raw_data/roboflow_mosquito-breeding-expanded_v3_yolov8/train/images/caixadagua5_jpg.rf.b3a40b01e799b9cb24896213443be699.jpg,train,/kaggle/working/denguewatch_yolov8m_workspace/raw_data/roboflow_mosquito-breeding-expanded_v3_yolov8/train/images/caixadagua5_jpg.rf.abf0fc20cc76138665c5f31a66f05dae.jpg,train,exact_duplicate_sha256_removed_to_prevent_leakage
1acb938db0650a4984d0c52ef1ce1fec2a8c1dd874943d9801a839a1a9b429a8,/kaggle/working/denguewatch_yolov8m_workspace/raw_data/roboflow_mosquito-breeding-expanded_v3_yolov8/train/images/DSCF1059_jpeg_jpg.rf.aaaf6b9cf4c922117393a994ffcadc96.jpg,train,/kaggle/working/denguewatch_yolov8m_workspace/raw_data/roboflow_mosquito-breeding-expanded_v3_yolov8/valid/images/DSCF1059_jpeg_jpg.rf.78ed5d189449cf117b23d32458b36903.jpg,valid,exact_duplicate_sha256_removed_to_prevent_leakage
1c2f1e40c680ae84b6afbdf98fdabb3570b8f0ba056b78262b0b21a2ce3056d7,/kaggle/working/denguewatch_yolov8m_workspace/raw_data/roboflow_mosquito-breeding-expanded_v3_yolov8/train/images/images-5-_jpeg_jpg.rf.015635e9eaaa21afa225ce2c54679670.jpg,train,/kaggle/working/denguewatch_yolov8m_workspace/raw_data/roboflow_mosquito-breeding-expanded_v3_yolov8/valid/images/images-5-_jpeg_jpg.rf.bab2fbcb8ccc2a73859bfea793f6a52e.jpg,valid,exact_duplicate_sha256_removed_to_prevent_leakage
1ca0181d055c67a8672d647b7844b633424879e1e0b392a7bb9e7ad4887e1205,/kaggle/working/denguewatch_yolov8m_workspace/raw_data/roboflow_mosquito-breeding-expanded_v3_yolov8/train/images/-1D5949D1-5187-454E-8ACC-924AD82CAC9C-png_jpg.rf.dc2ff38354687ae3096408be4ae3b516.jpg,train,/kaggle/working/denguewatch_yolov8m_workspace/raw_data/roboflow_mosquito-breeding-expanded_v3_yolov8/valid/images/-1D5949D1-5187-454E-8ACC-924AD82CAC9C-png_jpg.rf.356ddc5c38f06fb0e03658d79d7aa661.jpg,valid,exact_duplicate_sha256_removed_to_prevent_leakage
1e84f32f89c0d6859918f252f3300b71641df2a50d9abc817e366ba74ba2a34c,/kaggle/working/denguewatch_yolov8m_workspace/raw_data/roboflow_mosquito-breeding-expanded_v3_yolov8/train/images/images-18-_jpg.rf.31085b5bc330f325adc2ffe3d2389b05.jpg,train,/kaggle/working/denguewatch_yolov8m_workspace/raw_data/roboflow_mosquito-breeding-expanded_v3_yolov8/valid/images/images-18-_jpg.rf.a0bdc772e9120b6f11be0f1f8429a1c0.jpg,valid,exact_duplicate_sha256_removed_to_prevent_leakage
1ef7fbb28a2c9e8f00be1033902cd0763dd5f615646ae48c93d2b0f5312ca7d3,/kaggle/working/denguewatch_yolov8m_workspace/raw_data/roboflow_mosquito-breeding-expanded_v3_yolov8/train/images/images-2-_jpeg_jpg.rf.deb657bdcdcbe9a5094b6b8d7a938ded.jpg,train,/kaggle/working/denguewatch_yolov8m_workspace/raw_data/roboflow_mosquito-breeding-expanded_v3_yolov8/train/images/images-2-_jpeg_jpg.rf.a3fb0406c6b33fa2e3f0778fae09b41f.jpg,train,exact_duplicate_sha256_removed_to_prevent_leakage
2296fe8a4c1d7abb4049e024bae8cfc063aafe7e32c98d9ab295f7ff5153a879,/kaggle/working/denguewatch_yolov8m_workspace/raw_data/roboflow_mosquito-breeding-expanded_v3_yolov8/valid/images/images-16-_jpg.rf.ac1174e7c71b0c303e92601b27cd958e.jpg,valid,/kaggle/working/denguewatch_yolov8m_workspace/raw_data/roboflow_mosquito-breeding-expanded_v3_yolov8/valid/images/images-16-_jpg.rf.868d452bb7b7d35f4f78d03c59702ab9.jpg,valid,exact_duplicate_sha256_removed_to_prevent_leakage
2584cc990e71759baf977127582cf40f7b13eef69e343dcd47fadbef565d13b9,/kaggle/working/denguewatch_yolov8m_workspace/raw_data/roboflow_mosquito-breeding-expanded_v3_yolov8/train/images/images-16-_jpg.rf.bca8a5e02bdeaa2180ce602c59cb9a5a.jpg,train,/kaggle/working/denguewatch_yolov8m_workspace/raw_data/roboflow_mosquito-breeding-expanded_v3_yolov8/test/images/images-16-_jpg.rf.51984d378121d3d8e7531d0d77cc5a12.jpg,test,exact_duplicate_sha256_removed_to_prevent_leakage
2b9a3c985b0079df6353cf22c476cac55d8fcd77863ccf102c952326c942965e,/kaggle/working/denguewatch_yolov8m_workspace/raw_data/roboflow_mosquito-breeding-expanded_v3_yolov8/train/images/download-9-_jpg.rf.b0c2d30de4851f7e622ca3adaf6c8aed.jpg,train,/kaggle/working/denguewatch_yolov8m_workspace/raw_data/roboflow_mosquito-breeding-expanded_v3_yolov8/train/images/download-9-_jpg.rf.0552974aede7022693804eb9fc952fe3.jpg,train,exact_duplicate_sha256_removed_to_prevent_leakage
2e1131c0b69330802dc0f2e9847f97cb91b6285a873c65f2b994f9a6f156453c,/kaggle/working/denguewatch_yolov8m_workspace/raw_data/roboflow_mosquito-breeding-expanded_v3_yolov8/train/images/ae571d38-830d-4cae-a2d1-71dc74d54eee_600x400_jpeg_jpg.rf.7662228551d8caabe12a8a01b22c8034.jpg,train,/kaggle/working/denguewatch_yolov8m_workspace/raw_data/roboflow_mosquito-breeding-expanded_v3_yolov8/test/images/ae571d38-830d-4cae-a2d1-71dc74d54eee_600x400_jpeg_jpg.rf.91c83f74ce782b0a3c3e694a3bcd9f8c.jpg,test,exact_duplicate_sha256_removed_to_prevent_leakage
34f13bfc10ca75170c201b8866e1d3fa7552fcfdf364e44de7babe7b0088b6df,/kaggle/working/denguewatch_yolov8m_workspace/raw_data/roboflow_mosquito-breeding-expanded_v3_yolov8/train/images/images-40-_jpg.rf.5238ecf2957884161d81e88e054320ce.jpg,train,/kaggle/working/denguewatch_yolov8m_workspace/raw_data/roboflow_mosquito-breeding-expanded_v3_yolov8/test/images/images-40-_jpg.rf.2f5757cab725ec9756148119898ec074.jpg,test,exact_duplicate_sha256_removed_to_prevent_leakage
392bff2233aac92d3a0811401988eed2306900e5ab0b708b067772cc6095695d,/kaggle/working/denguewatch_yolov8m_workspace/raw_data/roboflow_mosquito-breeding-expanded_v3_yolov8/train/images/garrafa2_jpg.rf.1824c0ef9eebc15366827143ac4b9b1b.jpg,train,/kaggle/working/denguewatch_yolov8m_workspace/raw_data/roboflow_mosquito-breeding-expanded_v3_yolov8/test/images/garrafa2_jpg.rf.79c3b7c45710fca6f6f36535f3e98d5e.jpg,test,exact_duplicate_sha256_removed_to_prevent_leakage
39c37a13af2dcaad9f23dd06354fcf6bee56fcddc41e6931e0ac1f8496b04a22,/kaggle/working/denguewatch_yolov8m_workspace/raw_data/roboflow_mosquito-breeding-expanded_v3_yolov8/train/images/imagem22_jpg.rf.1243036a0c19991b7d544ed5862daa7f.jpg,train,/kaggle/working/denguewatch_yolov8m_workspace/raw_data/roboflow_mosquito-breeding-expanded_v3_yolov8/test/images/imagem22_jpg.rf.31a51250a2e6295344dd11754df68d79.jpg,test,exact_duplicate_sha256_removed_to_prevent_leakage
3a6ab0b444cae638b9d69e4e1e9054b4db73289a89032dbf03d643735aa2c07e,/kaggle/working/denguewatch_yolov8m_workspace/raw_data/roboflow_mosquito-breeding-expanded_v3_yolov8/train/images/images-21-_jpg.rf.c4375b74dcf3493e32111cde549fbdab.jpg,train,/kaggle/working/denguewatch_yolov8m_workspace/raw_data/roboflow_mosquito-breeding-expanded_v3_yolov8/train/images/images-21-_jpg.rf.bab94804c35cdcfaac3db74229865e3f.jpg,train,exact_duplicate_sha256_removed_to_prevent_leakage
3bef67cd776175a944fd71fc32ebfc924724a0947e0176e225a8581e70f6498e,/kaggle/working/denguewatch_yolov8m_workspace/raw_data/roboflow_mosquito-breeding-expanded_v3_yolov8/train/images/imagem8_jpg.rf.411aa50d6a145a7ac58afebad5b67ccb.jpg,train,/kaggle/working/denguewatch_yolov8m_workspace/raw_data/roboflow_mosquito-breeding-expanded_v3_yolov8/test/images/imagem8_jpg.rf.b1d2265d289a633fb9cb52f6b647cc9d.jpg,test,exact_duplicate_sha256_removed_to_prevent_leakage
3e0173e4515e9ff39ccdf08baada1dc3d77aae0f9f05245e9669446dc984372a,/kaggle/working/denguewatch_yolov8m_workspace/raw_data/roboflow_mosquito-breeding-expanded_v3_yolov8/train/images/images-1-_jpeg_jpg.rf.b55127b1685350d671cde5271c25c0ff.jpg,train,/kaggle/working/denguewatch_yolov8m_workspace/raw_data/roboflow_mosquito-breeding-expanded_v3_yolov8/train/images/images-1-_jpeg_jpg.rf.b411776dc7ce61e17ca5aaf5e1f44194.jpg,train,exact_duplicate_sha256_removed_to_prevent_leakage
427fd94e1895778ed3d1bb02652bd1ae041b83d05af5753928e6e53b62a284e6,/kaggle/working/denguewatch_yolov8m_workspace/raw_data/roboflow_mosquito-breeding-expanded_v3_yolov8/train/images/caixad-agua_jpg.rf.dbd15add4e12c45bb6852df639666204.jpg,train,/kaggle/working/denguewatch_yolov8m_workspace/raw_data/roboflow_mosquito-breeding-expanded_v3_yolov8/train/images/caixad-agua_jpg.rf.360f0b9c9dea92aeb0b34b34e860a723.jpg,train,exact_duplicate_sha256_removed_to_prevent_leakage
42d5bb8b755799b55f0ebf21dd7d55888e93e5d1088a5be3f050cc38524dd7a7,/kaggle/working/denguewatch_yolov8m_workspace/raw_data/roboflow_mosquito-breeding-expanded_v3_yolov8/train/images/download-3-2-_jpg.rf.67de22eb54a71c856e8a62d395e82641.jpg,train,/kaggle/working/denguewatch_yolov8m_workspace/raw_data/roboflow_mosquito-breeding-expanded_v3_yolov8/train/images/download-3-2-_jpg.rf.44649a9d125a1eadc2fd7368c3e7f998.jpg,train,exact_duplicate_sha256_removed_to_prevent_leakage
48604738d896abdea5ae1d887d77e65b718b333d950d500d6bda4ad950c17c66,/kaggle/working/denguewatch_yolov8m_workspace/raw_data/roboflow_mosquito-breeding-expanded_v3_yolov8/train/images/depositphotos_13380574-stock-photo-water-pollution_jpg.rf.7a70055193bd96d961fd1f7d933c73a9.jpg,train,/kaggle/working/denguewatch_yolov8m_workspace/raw_data/roboflow_mosquito-breeding-expanded_v3_yolov8/train/images/depositphotos_13380574-stock-photo-water-pollution_jpg.rf.3260f10d739c79a43f62bcef06951424.jpg,train,exact_duplicate_sha256_removed_to_prevent_leakage
487100f0c42c9a00bba8369e08a1e97d2721d3693f8e7f68112fb7bc42ffc826,/kaggle/working/denguewatch_yolov8m_workspace/raw_data/roboflow_mosquito-breeding-expanded_v3_yolov8/train/images/aguaparada3_jpeg_jpg.rf.bd7ba6b29bc80c90ebae95f14532a479.jpg,train,/kaggle/working/denguewatch_yolov8m_workspace/raw_data/roboflow_mosquito-breeding-expanded_v3_yolov8/test/images/aguaparada3_jpeg_jpg.rf.02b13e8d9ebb11b067add40439db2efa.jpg,test,exact_duplicate_sha256_removed_to_prevent_leakage
4a086dd572f8d8e9985f6cdd57ed1b64629bb59934e2fc46018e9673fa0b1127,/kaggle/working/denguewatch_yolov8m_workspace/raw_data/roboflow_mosquito-breeding-expanded_v3_yolov8/train/images/imagem12_jpg.rf.af4017840779459c8f62c5fc2c3a8876.jpg,train,/kaggle/working/denguewatch_yolov8m_workspace/raw_data/roboflow_mosquito-breeding-expanded_v3_yolov8/train/images/imagem12_jpg.rf.3a78224a3c644d1918957cb8d2597248.jpg,train,exact_duplicate_sha256_removed_to_prevent_leakage
4b651e3b5264ddff1761ce2ddab108d31f1c7c095ec853e939298e9125a16527,/kaggle/working/denguewatch_yolov8m_workspace/raw_data/roboflow_mosquito-breeding-expanded_v3_yolov8/train/images/imagem26_jpg.rf.7a5e4dbefd38b8bc68d1437e504f1fb2.jpg,train,/kaggle/working/denguewatch_yolov8m_workspace/raw_data/roboflow_mosquito-breeding-expanded_v3_yolov8/train/images/imagem26_jpg.rf.41bf49485ee8ae856b89113954d0454e.jpg,train,exact_duplicate_sha256_removed_to_prevent_leakage
4dae4c1fdb2d2a4ab026747f6fb65a5047edda36e12cd90297d370fad01a1b85,/kaggle/working/denguewatch_yolov8m_workspace/raw_data/roboflow_mosquito-breeding-expanded_v3_yolov8/train/images/images-11-1-_jpg.rf.5227eb2a530a5d0f2772b1e3aa4b71b4.jpg,train,/kaggle/working/denguewatch_yolov8m_workspace/raw_data/roboflow_mosquito-breeding-expanded_v3_yolov8/train/images/images-11-1-_jpg.rf.2b5848bf4210a8d27295d8dec788ff7b.jpg,train,exact_duplicate_sha256_removed_to_prevent_leakage
501bd821809af800dd866cc900f7e0ea8247aef5bb7815daf668dcd54e6d2459,/kaggle/working/denguewatch_yolov8m_workspace/raw_data/roboflow_mosquito-breeding-expanded_v3_yolov8/train/images/caixaaberta16_jpeg_jpg.rf.c9dd6205fb1d22b49af06b1818b3f58f.jpg,train,/kaggle/working/denguewatch_yolov8m_workspace/raw_data/roboflow_mosquito-breeding-expanded_v3_yolov8/valid/images/caixaaberta16_jpeg_jpg.rf.e70ff191704854674864b1f001455518.jpg,valid,exact_duplicate_sha256_removed_to_prevent_leakage
507a36a0ae625aeb684e205131277d48818d70e4a7c343c8e028109a5b58c809,/kaggle/working/denguewatch_yolov8m_workspace/raw_data/roboflow_mosquito-breeding-expanded_v3_yolov8/train/images/images-37-_jpg.rf.a3e87d5b38eb8d0e6348e63c78ff6d54.jpg,train,/kaggle/working/denguewatch_yolov8m_workspace/raw_data/roboflow_mosquito-breeding-expanded_v3_yolov8/train/images/images-37-_jpg.rf.9f4e9c3d7ad0a7d5061a1382d79ae404.jpg,train,exact_duplicate_sha256_removed_to_prevent_leakage
53493147335075a8795c6dd7135112f497b7f2373245abeda6c6c1bfc9aea346,/kaggle/working/denguewatch_yolov8m_workspace/raw_data/roboflow_mosquito-breeding-expanded_v3_yolov8/train/images/imagem27_jpg.rf.e17274c66ab3310f33510ca8ea14a8e2.jpg,train,/kaggle/working/denguewatch_yolov8m_workspace/raw_data/roboflow_mosquito-breeding-expanded_v3_yolov8/train/images/imagem27_jpg.rf.4fa3c5717ad91690628e0ad7644cf54b.jpg,train,exact_duplicate_sha256_removed_to_prevent_leakage
53b337a6b9506723a6257f8429e13acfafcc2d88fc2d134d92135f13d18071b0,/kaggle/working/denguewatch_yolov8m_workspace/raw_data/roboflow_mosquito-breeding-expanded_v3_yolov8/train/images/garrafa_jpg.rf.a8d8da18e03c89fea5c2a9bb50a11505.jpg,train,/kaggle/working/denguewatch_yolov8m_workspace/raw_data/roboflow_mosquito-breeding-expanded_v3_yolov8/train/images/garrafa_jpg.rf.25ba5372fe4aa3d394d2249b4fd3ecb5.jpg,train,exact_duplicate_sha256_removed_to_prevent_leakage
5787b1cb6ebbfea9e0ef442f050b27882c6a1edfd5ab0d261e3f810c68307a3e,/kaggle/working/denguewatch_yolov8m_workspace/raw_data/roboflow_mosquito-breeding-expanded_v3_yolov8/train/images/Dengue-01_64717_jpeg_jpg.rf.a0f58f18383c31cf3efd68b1753b1fab.jpg,train,/kaggle/working/denguewatch_yolov8m_workspace/raw_data/roboflow_mosquito-breeding-expanded_v3_yolov8/train/images/Dengue-01_64717_jpeg_jpg.rf.20d1627494d9cf95cf2384580af001bf.jpg,train,exact_duplicate_sha256_removed_to_prevent_leakage
57f2c8daa91960a73a339e7926d5a27f3eed19972b0430b83704d35f0a8271da,/kaggle/working/denguewatch_yolov8m_workspace/raw_data/roboflow_mosquito-breeding-expanded_v3_yolov8/train/images/garrafa18_jpg.rf.7cb8f1e1436762c3bbf177a22ad9a5fa.jpg,train,/kaggle/working/denguewatch_yolov8m_workspace/raw_data/roboflow_mosquito-breeding-expanded_v3_yolov8/train/images/garrafa18_jpg.rf.6ddb507a5acbc361f8d34cc598a6c377.jpg,train,exact_duplicate_sha256_removed_to_prevent_leakage
5d25ab42590ea023ef680f15946fe89a11923c92c644c92a443366d9ddf75d05,/kaggle/working/denguewatch_yolov8m_workspace/raw_data/roboflow_mosquito-breeding-expanded_v3_yolov8/train/images/dengue-pneu_jpg.rf.8ab9b830f77bb326b7954a982723e45a.jpg,train,/kaggle/working/denguewatch_yolov8m_workspace/raw_data/roboflow_mosquito-breeding-expanded_v3_yolov8/train/images/dengue-pneu_jpg.rf.341a56ba94238c579ce3ee32d1b1cf6f.jpg,train,exact_duplicate_sha256_removed_to_prevent_leakage
60d8a45ffff0ea7dda7a2204cda9b2d71beb15f7b7795c3ea917dc99995b705c,/kaggle/working/denguewatch_yolov8m_workspace/raw_data/roboflow_mosquito-breeding-expanded_v3_yolov8/train/images/download-2-_jpg.rf.00cc50711403b9c0896f0ec410991044.jpg,train,/kaggle/working/denguewatch_yolov8m_workspace/raw_data/roboflow_mosquito-breeding-expanded_v3_yolov8/test/images/download-2-_jpg.rf.e4eb4405545dc7e424a9608f86d9a2ce.jpg,test,exact_duplicate_sha256_removed_to_prevent_leakage
63432baff22dbc19be76e6e91179e94c7a19b02125666976e96e39b9a4b00d9b,/kaggle/working/denguewatch_yolov8m_workspace/raw_data/roboflow_mosquito-breeding-expanded_v3_yolov8/train/images/Focos-2-1024x576_jpeg_jpg.rf.e08f6381249b354198688a4de8045cd5.jpg,train,/kaggle/working/denguewatch_yolov8m_workspace/raw_data/roboflow_mosquito-breeding-expanded_v3_yolov8/train/images/Focos-2-1024x576_jpeg_jpg.rf.0731cee93572c65269b95c549d8c7022.jpg,train,exact_duplicate_sha256_removed_to_prevent_leakage
63e2d9c29e4b6e175939cbb56f269b1203b19d47e62105f90b7fc75c1b56ee24,/kaggle/working/denguewatch_yolov8m_workspace/raw_data/roboflow_mosquito-breeding-expanded_v3_yolov8/train/images/garrafa11_jpg.rf.e8b386a8c162affede8db68d9c2b5049.jpg,train,/kaggle/working/denguewatch_yolov8m_workspace/raw_data/roboflow_mosquito-breeding-expanded_v3_yolov8/train/images/garrafa11_jpg.rf.2fd61ed17e031a8b48197afd025e78a1.jpg,train,exact_duplicate_sha256_removed_to_prevent_leakage
6709ffae052905edda9faecb2fccee1ca2f0d77dfc0ed71b7bbee510c906c633,/kaggle/working/denguewatch_yolov8m_workspace/raw_data/roboflow_mosquito-breeding-expanded_v3_yolov8/train/images/imagem16_jpg.rf.2ed486ecf27a5247093cd2b217fea377.jpg,train,/kaggle/working/denguewatch_yolov8m_workspace/raw_data/roboflow_mosquito-breeding-expanded_v3_yolov8/valid/images/imagem16_jpg.rf.db105312d17c9b5abd217db8ef36abc9.jpg,valid,exact_duplicate_sha256_removed_to_prevent_leakage
68085863d4b9fed7a2b03bd27e2eaad174e38a0cfbd7c5a03768c2aa192fb9fd,/kaggle/working/denguewatch_yolov8m_workspace/raw_data/roboflow_mosquito-breeding-expanded_v3_yolov8/train/images/imagem25_jpg.rf.b79ac1a35414e615b437401706c45d57.jpg,train,/kaggle/working/denguewatch_yolov8m_workspace/raw_data/roboflow_mosquito-breeding-expanded_v3_yolov8/train/images/imagem25_jpg.rf.6674026921ddacd21cc639470309ef72.jpg,train,exact_duplicate_sha256_removed_to_prevent_leakage
691fbe164e4d8b2fa305e5fa3cc7fd9c0cc9af0817453f93e9d430c78657c2d8,/kaggle/working/denguewatch_yolov8m_workspace/raw_data/roboflow_mosquito-breeding-expanded_v3_yolov8/train/images/images-1-1-_jpg.rf.78f184ae3b5aa6abdd92969ad62616d8.jpg,train,/kaggle/working/denguewatch_yolov8m_workspace/raw_data/roboflow_mosquito-breeding-expanded_v3_yolov8/train/images/images-1-1-_jpg.rf.0c0ebaff920387d595a848896d4ffaf7.jpg,train,exact_duplicate_sha256_removed_to_prevent_leakage
69b8e01db0df272f498590ebd55415e7ef635eddd34f6fb6c7c24bce7b4627e3,/kaggle/working/denguewatch_yolov8m_workspace/raw_data/roboflow_mosquito-breeding-expanded_v3_yolov8/train/images/images-1-_jpg.rf.af3a9f3658df84c5b4d0d936ec07f0af.jpg,train,/kaggle/working/denguewatch_yolov8m_workspace/raw_data/roboflow_mosquito-breeding-expanded_v3_yolov8/test/images/images-1-_jpg.rf.e3e945d918bb31631cd6a351b3abf475.jpg,test,exact_duplicate_sha256_removed_to_prevent_leakage
6a24373705836c070cc220075f4e3e43d6fdc4062d6a033ae33d9bdc52453f6c,/kaggle/working/denguewatch_yolov8m_workspace/raw_data/roboflow_mosquito-breeding-expanded_v3_yolov8/train/images/eliminar-criaderos-mosquito_jpeg_jpg.rf.ad6eaed30b79ad7c7978a6e9400d279e.jpg,train,/kaggle/working/denguewatch_yolov8m_workspace/raw_data/roboflow_mosquito-breeding-expanded_v3_yolov8/test/images/eliminar-criaderos-mosquito_jpeg_jpg.rf.1748abf91d9d15b96014002266a6260c.jpg,test,exact_duplicate_sha256_removed_to_prevent_leakage
6b10226fd95bcb3c7346c0dc1231c63ff36892ffaf10a5dee58c3f2da7fda7e6,/kaggle/working/denguewatch_yolov8m_workspace/raw_data/roboflow_mosquito-breeding-expanded_v3_yolov8/train/images/imagem34_jpg.rf.4a3241148e46815dd79aaa32e6fda074.jpg,train,/kaggle/working/denguewatch_yolov8m_workspace/raw_data/roboflow_mosquito-breeding-expanded_v3_yolov8/valid/images/imagem34_jpg.rf.6428b46fb66dc49a47c159dc506888f8.jpg,valid,exact_duplicate_sha256_removed_to_prevent_leakage
6b38a2114a92de0c3cd006a4d0bc99400b5fd23561a96df173ebf74d2f9ce2a5,/kaggle/working/denguewatch_yolov8m_workspace/raw_data/roboflow_mosquito-breeding-expanded_v3_yolov8/train/images/garrafa4_jpg.rf.a086254bcdb2f847c23474c49d28511a.jpg,train,/kaggle/working/denguewatch_yolov8m_workspace/raw_data/roboflow_mosquito-breeding-expanded_v3_yolov8/train/images/garrafa4_jpg.rf.308c6c7ed50324f9a6a66870e18ecbf6.jpg,train,exact_duplicate_sha256_removed_to_prevent_leakage
6e84e023151e2d4170525004565a99d4c4d6dfa9077815f687ad5d3403895399,/kaggle/working/denguewatch_yolov8m_workspace/raw_data/roboflow_mosquito-breeding-expanded_v3_yolov8/train/images/imagem1_jpg.rf.84117b745b7faefbdd52dc866dd1f653.jpg,train,/kaggle/working/denguewatch_yolov8m_workspace/raw_data/roboflow_mosquito-breeding-expanded_v3_yolov8/valid/images/imagem1_jpg.rf.3fd150ddf616a300e616c0cc1212a361.jpg,valid,exact_duplicate_sha256_removed_to_prevent_leakage
77717c3b74aa95b52f29e3d8a4d244e6d12e8485b373702d7212508fdc369809,/kaggle/working/denguewatch_yolov8m_workspace/raw_data/roboflow_mosquito-breeding-expanded_v3_yolov8/train/images/caixaaberta17_jpeg_jpg.rf.7ebb96f3077769aacc1ea7e69220a756.jpg,train,/kaggle/working/denguewatch_yolov8m_workspace/raw_data/roboflow_mosquito-breeding-expanded_v3_yolov8/valid/images/caixaaberta17_jpeg_jpg.rf.264f342a4448cdada7ee2c524583e614.jpg,valid,exact_duplicate_sha256_removed_to_prevent_leakage
778a098738676eabbc5172f1888baa8ce93d51bdd8fd8534b89eaf36e8cda70a,/kaggle/working/denguewatch_yolov8m_workspace/raw_data/roboflow_mosquito-breeding-expanded_v3_yolov8/train/images/creche_-_caixa_dagua_em_antigo_predio_de_creche_vira_criadouro_de_mosquito_da_dengue_-_gleiciane_lima_arquivo_pessoal_-_jpg.rf.ad725a0ea5534c96d2e55e8192763367.jpg,train,/kaggle/working/denguewatch_yolov8m_workspace/raw_data/roboflow_mosquito-breeding-expanded_v3_yolov8/train/images/creche_-_caixa_dagua_em_antigo_predio_de_creche_vira_criadouro_de_mosquito_da_dengue_-_gleiciane_lima_arquivo_pessoal_-_jpg.rf.1701255d8328baa5423da13d10f63c01.jpg,train,exact_duplicate_sha256_removed_to_prevent_leakage
7c7aa421093c570c78741c52bd526514f648d763ce341e82a730499e2d006bff,/kaggle/working/denguewatch_yolov8m_workspace/raw_data/roboflow_mosquito-breeding-expanded_v3_yolov8/train/images/images-17-_jpg.rf.2bbf0cf5fb2a9f85a090823a99c2a989.jpg,train,/kaggle/working/denguewatch_yolov8m_workspace/raw_data/roboflow_mosquito-breeding-expanded_v3_yolov8/train/images/images-17-_jpg.rf.2a48bdac6541e3a60b8cba3b289f3650.jpg,train,exact_duplicate_sha256_removed_to_prevent_leakage
7cd5078bed045b26f81e226e4031b014eae055f0222c06c7f04d73353698c5b0,/kaggle/working/denguewatch_yolov8m_workspace/raw_data/roboflow_mosquito-breeding-expanded_v3_yolov8/train/images/depositphotos_347982526-stock-photo-plastic-garbage-autumn-leaves_jpg.rf.f13f6c6054a25a8b4d8f4ca3fc7eabc6.jpg,train,/kaggle/working/denguewatch_yolov8m_workspace/raw_data/roboflow_mosquito-breeding-expanded_v3_yolov8/valid/images/depositphotos_347982526-stock-photo-plastic-garbage-autumn-leaves_jpg.rf.1493752fd17cd73b835ac75fd3569d1c.jpg,valid,exact_duplicate_sha256_removed_to_prevent_leakage
7db6d9ff4382b58ecb20eb95c9a200cf66db0e97182dc72a8ecbaf2281cd078e,/kaggle/working/denguewatch_yolov8m_workspace/raw_data/roboflow_mosquito-breeding-expanded_v3_yolov8/train/images/images-4-_jpeg_jpg.rf.3ab643d94dc8f9a8a90613a9d67be564.jpg,train,/kaggle/working/denguewatch_yolov8m_workspace/raw_data/roboflow_mosquito-breeding-expanded_v3_yolov8/train/images/images-4-_jpeg_jpg.rf.23a5a6c5a8b79a4cb538137f505b3f73.jpg,train,exact_duplicate_sha256_removed_to_prevent_leakage
805347ecae4dd144017406a05b06a0a17bd66caa260011ecf1b244606f31db0a,/kaggle/working/denguewatch_yolov8m_workspace/raw_data/roboflow_mosquito-breeding-expanded_v3_yolov8/train/images/download-3-_jpg.rf.da86755c24b68c6aea269aef4333bc20.jpg,train,/kaggle/working/denguewatch_yolov8m_workspace/raw_data/roboflow_mosquito-breeding-expanded_v3_yolov8/train/images/download-3-_jpg.rf.5292cbf123c2f63c141405828e558f61.jpg,train,exact_duplicate_sha256_removed_to_prevent_leakage
813de53727a13dc5dd763a3a1bc143a6cc9db1de9f234dd7cffd3fcd5215ab5e,/kaggle/working/denguewatch_yolov8m_workspace/raw_data/roboflow_mosquito-breeding-expanded_v3_yolov8/train/images/images-23-_jpg.rf.81f3ae9e85a445572ae4077bac0e27f6.jpg,train,/kaggle/working/denguewatch_yolov8m_workspace/raw_data/roboflow_mosquito-breeding-expanded_v3_yolov8/valid/images/images-23-_jpg.rf.87038f8073d9a3ede95ed4fe71789122.jpg,valid,exact_duplicate_sha256_removed_to_prevent_leakage
847b3d323ae11978d074890562888e36069b0d67edf02c0f15fd228b10cbf045,/kaggle/working/denguewatch_yolov8m_workspace/raw_data/roboflow_mosquito-breeding-expanded_v3_yolov8/train/images/imagem17_jpg.rf.a1e9739b8f73616b21ad1e70215cee45.jpg,train,/kaggle/working/denguewatch_yolov8m_workspace/raw_data/roboflow_mosquito-breeding-expanded_v3_yolov8/valid/images/imagem17_jpg.rf.c2d341511d0e749fc9380f541edf82da.jpg,valid,exact_duplicate_sha256_removed_to_prevent_leakage
8529e6ea04596d5b3af977611e8744968c90f2424fd35f87108652adc0b7f0b6,/kaggle/working/denguewatch_yolov8m_workspace/raw_data/roboflow_mosquito-breeding-expanded_v3_yolov8/train/images/-1121F9BD-6C24-47D6-937E-DC2AB1906098-png_jpg.rf.1f834d60ac9b60852c36b0c98d271f0d.jpg,train,/kaggle/working/denguewatch_yolov8m_workspace/raw_data/roboflow_mosquito-breeding-expanded_v3_yolov8/test/images/-1121F9BD-6C24-47D6-937E-DC2AB1906098-png_jpg.rf.f8b54d03e2ae7c30938aea0cb9db0faa.jpg,test,exact_duplicate_sha256_removed_to_prevent_leakage
85686ee31493501837cdfe0064154eb314cc9b0db01027ad0b32ee3eac32f353,/kaggle/working/denguewatch_yolov8m_workspace/raw_data/roboflow_mosquito-breeding-expanded_v3_yolov8/valid/images/download-2-_jpg.rf.4204fbb722728bc7213fd445a480fa29.jpg,valid,/kaggle/working/denguewatch_yolov8m_workspace/raw_data/roboflow_mosquito-breeding-expanded_v3_yolov8/test/images/download-2-_jpg.rf.8a3894d76cc67cf9a17c2ffe3f0d1f91.jpg,test,exact_duplicate_sha256_removed_to_prevent_leakage
86d2ea4eb322c23e3bbfd9caa5289f3472e0858399a7b9901242cfe623437e88,/kaggle/working/denguewatch_yolov8m_workspace/raw_data/roboflow_mosquito-breeding-expanded_v3_yolov8/train/images/images-10-1-_jpg.rf.72269ef3eea07586fb2a3dcc7a0368a6.jpg,train,/kaggle/working/denguewatch_yolov8m_workspace/raw_data/roboflow_mosquito-breeding-expanded_v3_yolov8/train/images/images-10-1-_jpg.rf.6f65c380909b9416380fada9c6d03531.jpg,train,exact_duplicate_sha256_removed_to_prevent_leakage
8b13a9ff9c8d3777ca9f76a862531a2edcf03dfb148af5bb32816d5f6e907e8c,/kaggle/working/denguewatch_yolov8m_workspace/raw_data/roboflow_mosquito-breeding-expanded_v3_yolov8/train/images/images-2-_jpg.rf.c2a9f6012403b247351627a91e856c82.jpg,train,/kaggle/working/denguewatch_yolov8m_workspace/raw_data/roboflow_mosquito-breeding-expanded_v3_yolov8/train/images/images-2-_jpg.rf.422f618fe1f66e11842a5642d1dc4978.jpg,train,exact_duplicate_sha256_removed_to_prevent_leakage
8c8ee239e257e45d22ddbfc2d0cff3cd9fcab74bbf4ddea7c490ac66fca0ae50,/kaggle/working/denguewatch_yolov8m_workspace/raw_data/roboflow_mosquito-breeding-expanded_v3_yolov8/train/images/garrafa2_jpg.rf.c3350773f65cc396cf3ca1a6e6eb06d7.jpg,train,/kaggle/working/denguewatch_yolov8m_workspace/raw_data/roboflow_mosquito-breeding-expanded_v3_yolov8/test/images/garrafa2_jpg.rf.aedeebd83387ed06a0861569159e5f41.jpg,test,exact_duplicate_sha256_removed_to_prevent_leakage
8cb30a5627f1edccd38e9ec428f5f94b973d2ef591c5fba6e5b49c0b9a300670,/kaggle/working/denguewatch_yolov8m_workspace/raw_data/roboflow_mosquito-breeding-expanded_v3_yolov8/train/images/images-14-_jpg.rf.4ecff3fb44e33ec87a1d5fce4d557ad4.jpg,train,/kaggle/working/denguewatch_yolov8m_workspace/raw_data/roboflow_mosquito-breeding-expanded_v3_yolov8/train/images/images-14-_jpg.rf.487a11452316ef458a0ddbc2a7ebd33e.jpg,train,exact_duplicate_sha256_removed_to_prevent_leakage
8cce22a672b82bc4a7a1e7824458f51353ce2c1f928610d796543486fd94c5ee,/kaggle/working/denguewatch_yolov8m_workspace/raw_data/roboflow_mosquito-breeding-expanded_v3_yolov8/train/images/caixaaberta4_jpeg_jpg.rf.816abb9432456d83f2fb085487490804.jpg,train,/kaggle/working/denguewatch_yolov8m_workspace/raw_data/roboflow_mosquito-breeding-expanded_v3_yolov8/train/images/caixaaberta4_jpeg_jpg.rf.7d853361836dffc7c27e6101f5c0b99a.jpg,train,exact_duplicate_sha256_removed_to_prevent_leakage
8f6ee952d37cbf91c3e2d5e55bfcdcbe5a25e97636cffe91644973a276f6c138,/kaggle/working/denguewatch_yolov8m_workspace/raw_data/roboflow_mosquito-breeding-expanded_v3_yolov8/train/images/download-7-_jpg.rf.c811cd87540ae1b55e17961da628bf46.jpg,train,/kaggle/working/denguewatch_yolov8m_workspace/raw_data/roboflow_mosquito-breeding-expanded_v3_yolov8/train/images/download-7-_jpg.rf.02637d8f23751250372e0dac9f198b61.jpg,train,exact_duplicate_sha256_removed_to_prevent_leakage
8fc97e843bc0a8e2726a0fbc603e24c4faf057bdedcf7694fa142c47d683412e,/kaggle/working/denguewatch_yolov8m_workspace/raw_data/roboflow_mosquito-breeding-expanded_v3_yolov8/train/images/images-2-1-_jpg.rf.71ba19330915015aaf093c67e8e0d505.jpg,train,/kaggle/working/denguewatch_yolov8m_workspace/raw_data/roboflow_mosquito-breeding-expanded_v3_yolov8/train/images/images-2-1-_jpg.rf.1821c9d8d4df856315c1e8fc28357f0e.jpg,train,exact_duplicate_sha256_removed_to_prevent_leakage
9056cf4f106c84e05598c155cb360027494af440b5145e8ea2338a6a18191289,/kaggle/working/denguewatch_yolov8m_workspace/raw_data/roboflow_mosquito-breeding-expanded_v3_yolov8/train/images/imagem7_jpg.rf.9beccc44010b50c9c8e571c95e7ad5ee.jpg,train,/kaggle/working/denguewatch_yolov8m_workspace/raw_data/roboflow_mosquito-breeding-expanded_v3_yolov8/train/images/imagem7_jpg.rf.31044db27b4898409de4e6e30c10bc2c.jpg,train,exact_duplicate_sha256_removed_to_prevent_leakage
958ce4b7214e9366a0efe895e727de750f6a677fa0ddcb4b4a0b6bdad505ea36,/kaggle/working/denguewatch_yolov8m_workspace/raw_data/roboflow_mosquito-breeding-expanded_v3_yolov8/valid/images/download-6-_jpg.rf.028c991a9dbaa247b2617eb2dbdaf111.jpg,valid,/kaggle/working/denguewatch_yolov8m_workspace/raw_data/roboflow_mosquito-breeding-expanded_v3_yolov8/test/images/download-6-_jpg.rf.8686d0f4a058d3e5dd36260aeaf36317.jpg,test,exact_duplicate_sha256_removed_to_prevent_leakage
9a6382e361a262e61dd41cd834bfbb62d4c922c33724ed6d25a8606969ad261e,/kaggle/working/denguewatch_yolov8m_workspace/raw_data/roboflow_mosquito-breeding-expanded_v3_yolov8/train/images/images-51-_jpg.rf.e9d246dbb806199707b44c3a6ad0ec35.jpg,train,/kaggle/working/denguewatch_yolov8m_workspace/raw_data/roboflow_mosquito-breeding-expanded_v3_yolov8/valid/images/images-51-_jpg.rf.61294fca6d4d3597fbade3a945c53a61.jpg,valid,exact_duplicate_sha256_removed_to_prevent_leakage
9f7ab0f90accf0f6df9dceed993c6b644168e78fc7753f50bdd671a2adc602cb,/kaggle/working/denguewatch_yolov8m_workspace/raw_data/roboflow_mosquito-breeding-expanded_v3_yolov8/train/images/images-4-_jpg.rf.012fd49f32fa2184704470be7814f74d.jpg,train,/kaggle/working/denguewatch_yolov8m_workspace/raw_data/roboflow_mosquito-breeding-expanded_v3_yolov8/test/images/images-4-_jpg.rf.5d72981596c2baabf464ed0ce9fd3649.jpg,test,exact_duplicate_sha256_removed_to_prevent_leakage
9f8346d98b6c07273fad7752270075418c3244f872fdb0b5ffef2085081a437b,/kaggle/working/denguewatch_yolov8m_workspace/raw_data/roboflow_mosquito-breeding-expanded_v3_yolov8/train/images/dsc_0028_3_jpeg_jpg.rf.1aba54bf265c7cc650d3c0ec0774687d.jpg,train,/kaggle/working/denguewatch_yolov8m_workspace/raw_data/roboflow_mosquito-breeding-expanded_v3_yolov8/valid/images/dsc_0028_3_jpeg_jpg.rf.6a6824a86b4560b8abaa0e2636210320.jpg,valid,exact_duplicate_sha256_removed_to_prevent_leakage
a0851c953402e27f4681ea6b4f3ce74d19bb296bbcf0e8b6c7f43074c363ca51,/kaggle/working/denguewatch_yolov8m_workspace/raw_data/roboflow_mosquito-breeding-expanded_v3_yolov8/valid/images/download-5-_jpg.rf.ea17305e773753bc814eaf23337f69c5.jpg,valid,/kaggle/working/denguewatch_yolov8m_workspace/raw_data/roboflow_mosquito-breeding-expanded_v3_yolov8/valid/images/download-5-_jpg.rf.d864475e1eff4192ac95018e6ed1c4c7.jpg,valid,exact_duplicate_sha256_removed_to_prevent_leakage
a3105a15bcb37e81c284d0264d992266a1d7adce534dc133e949f1489ce18a13,/kaggle/working/denguewatch_yolov8m_workspace/raw_data/roboflow_mosquito-breeding-expanded_v3_yolov8/train/images/images-38-_jpg.rf.d1d87a178e1cc51a67ed52ddc8f0cb0a.jpg,train,/kaggle/working/denguewatch_yolov8m_workspace/raw_data/roboflow_mosquito-breeding-expanded_v3_yolov8/train/images/images-38-_jpg.rf.b73110107b261650647c6efa398f0beb.jpg,train,exact_duplicate_sha256_removed_to_prevent_leakage
a3d2148bc48f66bcd92f2c8b515f5b401068ccf559ad730dc0d29a8d6e9f6460,/kaggle/working/denguewatch_yolov8m_workspace/raw_data/roboflow_mosquito-breeding-expanded_v3_yolov8/test/images/images-1-_jpg.rf.87233f6428e4e4c4d2e84f968a4cb4cc.jpg,test,/kaggle/working/denguewatch_yolov8m_workspace/raw_data/roboflow_mosquito-breeding-expanded_v3_yolov8/test/images/images-1-_jpg.rf.172e1e0d2b574e15a6233e6ad41b0738.jpg,test,exact_duplicate_sha256_removed_to_prevent_leakage
a3fdba497a87a3c27d06911b641597503ce2b53b03808c601bacd3358f8b1ed3,/kaggle/working/denguewatch_yolov8m_workspace/raw_data/roboflow_mosquito-breeding-expanded_v3_yolov8/train/images/destaque-para-site-pneus-03-1-_jpg.rf.e242bf3d5d6518a496360d2558ac338c.jpg,train,/kaggle/working/denguewatch_yolov8m_workspace/raw_data/roboflow_mosquito-breeding-expanded_v3_yolov8/train/images/destaque-para-site-pneus-03-1-_jpg.rf.a3868f9a682b91f8e22fc44beead00c6.jpg,train,exact_duplicate_sha256_removed_to_prevent_leakage
a83b443e1a9ca56b3ec4a89e1c512f776a1a711e820ae9ffd4ce4237eab047fb,/kaggle/working/denguewatch_yolov8m_workspace/raw_data/roboflow_mosquito-breeding-expanded_v3_yolov8/train/images/caixadaguasemtampa_jpg.rf.dac1e95c078cb7eb1d18afebcf5faee6.jpg,train,/kaggle/working/denguewatch_yolov8m_workspace/raw_data/roboflow_mosquito-breeding-expanded_v3_yolov8/train/images/caixadaguasemtampa_jpg.rf.8e93b6c3d64a17c6f48ab6b5ce1b3ba4.jpg,train,exact_duplicate_sha256_removed_to_prevent_leakage
ab5530eedc40a712e1a4e0cc2b558f1caef39ba576218c99ec42cc60487a8aa4,/kaggle/working/denguewatch_yolov8m_workspace/raw_data/roboflow_mosquito-breeding-expanded_v3_yolov8/test/images/depositphotos_207102234-stock-photo-standing-water-trapped-in-tire_jpg.rf.b17d1caa388738675efea29cd0455d0b.jpg,test,/kaggle/working/denguewatch_yolov8m_workspace/raw_data/roboflow_mosquito-breeding-expanded_v3_yolov8/test/images/depositphotos_207102234-stock-photo-standing-water-trapped-in-tire_jpg.rf.4ab57a28d0698e500f9eae8a29c195b3.jpg,test,exact_duplicate_sha256_removed_to_prevent_leakage
b135b6e614c4bfd0adffa266436e7466d6234d80ea5b9033d6ab44c245110d07,/kaggle/working/denguewatch_yolov8m_workspace/raw_data/roboflow_mosquito-breeding-expanded_v3_yolov8/train/images/imagem32_jpg.rf.036be352dd30778cdf9a80b9d67d7844.jpg,train,/kaggle/working/denguewatch_yolov8m_workspace/raw_data/roboflow_mosquito-breeding-expanded_v3_yolov8/test/images/imagem32_jpg.rf.9697ebb56891a874bc1b15f8929deebb.jpg,test,exact_duplicate_sha256_removed_to_prevent_leakage
b4d31b7cf0992db20f9b6dec9055a738070c973792a321c71b8bde72e0ad6263,/kaggle/working/denguewatch_yolov8m_workspace/raw_data/roboflow_mosquito-breeding-expanded_v3_yolov8/test/images/download-10-_jpg.rf.905c727f3ded9700dfcff969a5a8b2fb.jpg,test,/kaggle/working/denguewatch_yolov8m_workspace/raw_data/roboflow_mosquito-breeding-expanded_v3_yolov8/test/images/download-10-_jpg.rf.199a0e56775b59cc2e7998d8458b13f6.jpg,test,exact_duplicate_sha256_removed_to_prevent_leakage
b55c34676d3eeb034b4f8200302af54397351a764f3a8231a6ecf2ffb6b678be,/kaggle/working/denguewatch_yolov8m_workspace/raw_data/roboflow_mosquito-breeding-expanded_v3_yolov8/train/images/images-4-1-_jpg.rf.43ac8f6c12b555a50588e598f5f5b95a.jpg,train,/kaggle/working/denguewatch_yolov8m_workspace/raw_data/roboflow_mosquito-breeding-expanded_v3_yolov8/test/images/images-4-1-_jpg.rf.38f1ecf9c029a29d2553778f73dbaf5c.jpg,test,exact_duplicate_sha256_removed_to_prevent_leakage
b71f642c8e69f2dc0f003fc2a29420d4504d2090e416b7e43d6c337b944fce86,/kaggle/working/denguewatch_yolov8m_workspace/raw_data/roboflow_mosquito-breeding-expanded_v3_yolov8/train/images/caixaaberta22_jpeg_jpg.rf.fcfccb12cfbcf48786d57ffe16a10ec8.jpg,train,/kaggle/working/denguewatch_yolov8m_workspace/raw_data/roboflow_mosquito-breeding-expanded_v3_yolov8/train/images/caixaaberta22_jpeg_jpg.rf.417a2034d9486aaa996bb47da247e6c0.jpg,train,exact_duplicate_sha256_removed_to_prevent_leakage
bb511830970e9feb49c4ffa12009a2ab76e731ae504517fab60e6b8789860097,/kaggle/working/denguewatch_yolov8m_workspace/raw_data/roboflow_mosquito-breeding-expanded_v3_yolov8/train/images/imagem24_jpg.rf.5e34517c2b531f8a3bd7699bb160b0d8.jpg,train,/kaggle/working/denguewatch_yolov8m_workspace/raw_data/roboflow_mosquito-breeding-expanded_v3_yolov8/train/images/imagem24_jpg.rf.5358630ce1a64fa44670bec43de8ce36.jpg,train,exact_duplicate_sha256_removed_to_prevent_leakage
bc4e7bc8ffa1318eaae8941095de96b63be2a7ae215a77441fb3bd6a88c72ffc,/kaggle/working/denguewatch_yolov8m_workspace/raw_data/roboflow_mosquito-breeding-expanded_v3_yolov8/train/images/garrafa19_jpg.rf.ea01401db19734bbcf56dc9e190a2755.jpg,train,/kaggle/working/denguewatch_yolov8m_workspace/raw_data/roboflow_mosquito-breeding-expanded_v3_yolov8/valid/images/garrafa19_jpg.rf.0128d7d88f0758fea9daff5be628070b.jpg,valid,exact_duplicate_sha256_removed_to_prevent_leakage
bd10d022db699b74dec03267ee36ec05527d78f86e4dd137081226292015e2ca,/kaggle/working/denguewatch_yolov8m_workspace/raw_data/roboflow_mosquito-breeding-expanded_v3_yolov8/train/images/dsc_0039_4_jpeg_jpg.rf.be98f1bdb136a47e16751bfaa688d841.jpg,train,/kaggle/working/denguewatch_yolov8m_workspace/raw_data/roboflow_mosquito-breeding-expanded_v3_yolov8/train/images/dsc_0039_4_jpeg_jpg.rf.0fe54c2cd29a398272743cbc304051b7.jpg,train,exact_duplicate_sha256_removed_to_prevent_leakage
bf96d2182911b66d132a197fd2b69d3897aa1bd7291d4821c8b14e787be4bce1,/kaggle/working/denguewatch_yolov8m_workspace/raw_data/roboflow_mosquito-breeding-expanded_v3_yolov8/train/images/barracao_arrepiado_pneus_180221_foto_fabio_ulsenheimer_5_jpg.rf.8b59d91badc1ccf5323acb7e411d3b86.jpg,train,/kaggle/working/denguewatch_yolov8m_workspace/raw_data/roboflow_mosquito-breeding-expanded_v3_yolov8/train/images/barracao_arrepiado_pneus_180221_foto_fabio_ulsenheimer_5_jpg.rf.7277bf56750c277b12d37b01e696773b.jpg,train,exact_duplicate_sha256_removed_to_prevent_leakage
c384cde4b9b88f950cbbbbd0866dc00713ea2816a70493ceb2e0d6c97db33b23,/kaggle/working/denguewatch_yolov8m_workspace/raw_data/roboflow_mosquito-breeding-expanded_v3_yolov8/valid/images/download-4-_jpg.rf.975b7a710da2ae11db710c64a32642fa.jpg,valid,/kaggle/working/denguewatch_yolov8m_workspace/raw_data/roboflow_mosquito-breeding-expanded_v3_yolov8/valid/images/download-4-_jpg.rf.2617e3c4769d27e9200cf6bcf02adc40.jpg,valid,exact_duplicate_sha256_removed_to_prevent_leakage
c87b821712b8a9949f4f1a8dc279f944a4a7508f1a791ed6b99ad3be5c082da6,/kaggle/working/denguewatch_yolov8m_workspace/raw_data/roboflow_mosquito-breeding-expanded_v3_yolov8/train/images/download-1-_jpg.rf.b47ca144cd9e44d4129de3f45fcf21c5.jpg,train,/kaggle/working/denguewatch_yolov8m_workspace/raw_data/roboflow_mosquito-breeding-expanded_v3_yolov8/test/images/download-1-_jpg.rf.3a692ee5f8fec5fca914db7d0860f4ff.jpg,test,exact_duplicate_sha256_removed_to_prevent_leakage
cbc1c55f7deb811cbfb3a05734a34c6317dc5d1d4fe1d6d9388ff05381db83f1,/kaggle/working/denguewatch_yolov8m_workspace/raw_data/roboflow_mosquito-breeding-expanded_v3_yolov8/train/images/images-39-_jpg.rf.e19ad75b17e0f6e24992c760c7dc8a6b.jpg,train,/kaggle/working/denguewatch_yolov8m_workspace/raw_data/roboflow_mosquito-breeding-expanded_v3_yolov8/train/images/images-39-_jpg.rf.c2f011d7ccb4605c683032839928b2f3.jpg,train,exact_duplicate_sha256_removed_to_prevent_leakage
cbc51c265c024e6dab962e65e57ebdd3a104fba17354fb06fb42c335a5eb9efe,/kaggle/working/denguewatch_yolov8m_workspace/raw_data/roboflow_mosquito-breeding-expanded_v3_yolov8/train/images/images-3-1-_jpg.rf.b644cfa8f358d938a492adb26bcdb5e0.jpg,train,/kaggle/working/denguewatch_yolov8m_workspace/raw_data/roboflow_mosquito-breeding-expanded_v3_yolov8/train/images/images-3-1-_jpg.rf.afd9e5f6312ad4f6f1e7c18fa9f04f38.jpg,train,exact_duplicate_sha256_removed_to_prevent_leakage
d211f5c251cf795ae321cf523c986a853d19a099f5227a54ca5e0f2af7950555,/kaggle/working/denguewatch_yolov8m_workspace/raw_data/roboflow_mosquito-breeding-expanded_v3_yolov8/train/images/images-13-_jpg.rf.5f5d1b89adff1843ed7b5159f97c84c7.jpg,train,/kaggle/working/denguewatch_yolov8m_workspace/raw_data/roboflow_mosquito-breeding-expanded_v3_yolov8/train/images/images-13-_jpg.rf.5c7143c054df2271e8374dc228e5f8cb.jpg,train,exact_duplicate_sha256_removed_to_prevent_leakage
d4450d9299e8fb40a4ddb6a37292204c0561eb8e13fe8aa439acf74b9a82af99,/kaggle/working/denguewatch_yolov8m_workspace/raw_data/roboflow_mosquito-breeding-expanded_v3_yolov8/train/images/images-2-_jpg.rf.f688d236dfaec45900df9d9e9bc3b856.jpg,train,/kaggle/working/denguewatch_yolov8m_workspace/raw_data/roboflow_mosquito-breeding-expanded_v3_yolov8/train/images/images-2-_jpg.rf.2f5655243a73525ac620368b990a1e85.jpg,train,exact_duplicate_sha256_removed_to_prevent_leakage
d47a133c8372e6981674862b19a8b8913068f88794bb741fb4372484561d964a,/kaggle/working/denguewatch_yolov8m_workspace/raw_data/roboflow_mosquito-breeding-expanded_v3_yolov8/train/images/images-31-_jpg.rf.43480ca4d5a82a4e38f92189fa231f1c.jpg,train,/kaggle/working/denguewatch_yolov8m_workspace/raw_data/roboflow_mosquito-breeding-expanded_v3_yolov8/valid/images/images-31-_jpg.rf.d6c8f1b1f4123288c2fb1e9e4127de29.jpg,valid,exact_duplicate_sha256_removed_to_prevent_leakage
d551b748e35583d1b98efad8fc3e03e85f0958922481214baaf47d4fc22448d5,/kaggle/working/denguewatch_yolov8m_workspace/raw_data/roboflow_mosquito-breeding-expanded_v3_yolov8/train/images/images-12-_jpg.rf.b7af44d1994e3d22a279bdf37b4d22ba.jpg,train,/kaggle/working/denguewatch_yolov8m_workspace/raw_data/roboflow_mosquito-breeding-expanded_v3_yolov8/train/images/images-12-_jpg.rf.40226b73a968116a8067ab0e68894a7a.jpg,train,exact_duplicate_sha256_removed_to_prevent_leakage
d55ae8785f4228d0ce19c5e6406aae7940a985ad6aae5e816822daf4b3878e5e,/kaggle/working/denguewatch_yolov8m_workspace/raw_data/roboflow_mosquito-breeding-expanded_v3_yolov8/train/images/download-1-_jpeg_jpg.rf.193fa6b3de21aff08e7eb211171fedee.jpg,train,/kaggle/working/denguewatch_yolov8m_workspace/raw_data/roboflow_mosquito-breeding-expanded_v3_yolov8/test/images/download-1-_jpeg_jpg.rf.91a8d74bd17d6aee1997ea0308f269b4.jpg,test,exact_duplicate_sha256_removed_to_prevent_leakage
d8cd74070454a1ac179008b885e2d5ea8069e52e8a57c8141fbbacd00da82b5e,/kaggle/working/denguewatch_yolov8m_workspace/raw_data/roboflow_mosquito-breeding-expanded_v3_yolov8/train/images/caixa_jpg.rf.d1b256a3a980bb8a0d7f4426da6633cc.jpg,train,/kaggle/working/denguewatch_yolov8m_workspace/raw_data/roboflow_mosquito-breeding-expanded_v3_yolov8/train/images/caixa_jpg.rf.0ba9ead77830f696cc12e3cf55a1639d.jpg,train,exact_duplicate_sha256_removed_to_prevent_leakage
da1ec4a54d86e2ed87b561bed54942d2b77de7fbdc6cdb96f5f1a6f64e762027,/kaggle/working/denguewatch_yolov8m_workspace/raw_data/roboflow_mosquito-breeding-expanded_v3_yolov8/train/images/garrafa-de-plastico-usada-jogada-fora-do-chao-coberto-grama-poluicao-conceito-natureza-165113048_jpg.rf.b183154516f01b8403953ae46e1c09cb.jpg,train,/kaggle/working/denguewatch_yolov8m_workspace/raw_data/roboflow_mosquito-breeding-expanded_v3_yolov8/train/images/garrafa-de-plastico-usada-jogada-fora-do-chao-coberto-grama-poluicao-conceito-natureza-165113048_jpg.rf.7b37b448622d22aedb079fb3f40bc518.jpg,train,exact_duplicate_sha256_removed_to_prevent_leakage
df48ba87d17b0f7cbf05bb787d596b36f1ffa708ff6718df3535ce9dbf1957ed,/kaggle/working/denguewatch_yolov8m_workspace/raw_data/roboflow_mosquito-breeding-expanded_v3_yolov8/train/images/imagem4_jpg.rf.8bc369fe95b62433dfb064fe962f72e6.jpg,train,/kaggle/working/denguewatch_yolov8m_workspace/raw_data/roboflow_mosquito-breeding-expanded_v3_yolov8/train/images/imagem4_jpg.rf.575dcea3e72dcc593407029b6a4719ac.jpg,train,exact_duplicate_sha256_removed_to_prevent_leakage
df69721a9b4c36b88e53b307e516e89e6da76154cc0b85f7297392f8691d123e,/kaggle/working/denguewatch_yolov8m_workspace/raw_data/roboflow_mosquito-breeding-expanded_v3_yolov8/train/images/caixadagua7_jpg.rf.1ac9e5d4f1232f185f3cfd9f0ac4058a.jpg,train,/kaggle/working/denguewatch_yolov8m_workspace/raw_data/roboflow_mosquito-breeding-expanded_v3_yolov8/valid/images/caixadagua7_jpg.rf.de95f4ee21ded4aa099f396234fb1b71.jpg,valid,exact_duplicate_sha256_removed_to_prevent_leakage
e2a26c43cc73db5eba712599187493761f4f1bb70afa8afeef0ba7621fa077cd,/kaggle/working/denguewatch_yolov8m_workspace/raw_data/roboflow_mosquito-breeding-expanded_v3_yolov8/train/images/imagem2_jpg.rf.95208e38a49eb7ff903017162a9fb32e.jpg,train,/kaggle/working/denguewatch_yolov8m_workspace/raw_data/roboflow_mosquito-breeding-expanded_v3_yolov8/train/images/imagem2_jpg.rf.21d43fc894d975aa31362bb93077bb46.jpg,train,exact_duplicate_sha256_removed_to_prevent_leakage
e3ff613e58e84cb851f7308a56e143d18533e013e241a55748d30d29a2a6fa04,/kaggle/working/denguewatch_yolov8m_workspace/raw_data/roboflow_mosquito-breeding-expanded_v3_yolov8/train/images/caixadagua_aguaparada_jpg.rf.9cbe9e3efeb827ab66d68f6996da502a.jpg,train,/kaggle/working/denguewatch_yolov8m_workspace/raw_data/roboflow_mosquito-breeding-expanded_v3_yolov8/train/images/caixadagua_aguaparada_jpg.rf.3fb81e899e1b6142552e1db95f70120a.jpg,train,exact_duplicate_sha256_removed_to_prevent_leakage
e44b90d2a201cd64d10d2c79de51b878ffe8b0f3658b7bee9b9a07267e7b5313,/kaggle/working/denguewatch_yolov8m_workspace/raw_data/roboflow_mosquito-breeding-expanded_v3_yolov8/train/images/imagem28_jpg.rf.a9c516375ad40663c295e6a8428b93b2.jpg,train,/kaggle/working/denguewatch_yolov8m_workspace/raw_data/roboflow_mosquito-breeding-expanded_v3_yolov8/train/images/imagem28_jpg.rf.5ef0640e7ecd2916419efc5cbef821d5.jpg,train,exact_duplicate_sha256_removed_to_prevent_leakage
e6bbbbcb4262e93c10a0d20320b5d12014c973ad69a15d130c4c6e9f2d777943,/kaggle/working/denguewatch_yolov8m_workspace/raw_data/roboflow_mosquito-breeding-expanded_v3_yolov8/train/images/imagem19_jpg.rf.21f33b1ebd7daa67d1779d85b7e67f36.jpg,train,/kaggle/working/denguewatch_yolov8m_workspace/raw_data/roboflow_mosquito-breeding-expanded_v3_yolov8/test/images/imagem19_jpg.rf.a6169d3c6b15c808e30f6caa3d80aa00.jpg,test,exact_duplicate_sha256_removed_to_prevent_leakage
e7764e0eaf170b1406b392bb00c230778164d1a9261db1976a066c245099ac9f,/kaggle/working/denguewatch_yolov8m_workspace/raw_data/roboflow_mosquito-breeding-expanded_v3_yolov8/train/images/dengue-2_jpeg_jpg.rf.429b0c4112784c1f3bef64e52b8b282b.jpg,train,/kaggle/working/denguewatch_yolov8m_workspace/raw_data/roboflow_mosquito-breeding-expanded_v3_yolov8/test/images/dengue-2_jpeg_jpg.rf.54b71c11f550f96eac975ccd1fc712ce.jpg,test,exact_duplicate_sha256_removed_to_prevent_leakage
ebdc91e73c9444c99a1df61d4bcdc1be44f7969f1ac58f7aa80e1ca543acb177,/kaggle/working/denguewatch_yolov8m_workspace/raw_data/roboflow_mosquito-breeding-expanded_v3_yolov8/train/images/images-15-_jpg.rf.f836f85e9ad762978895f3c5b0c6e77f.jpg,train,/kaggle/working/denguewatch_yolov8m_workspace/raw_data/roboflow_mosquito-breeding-expanded_v3_yolov8/test/images/images-15-_jpg.rf.623150a2ca050e15f3ec6f7597a02cdf.jpg,test,exact_duplicate_sha256_removed_to_prevent_leakage
ed05610c55bc018278b37ae5d3fe5519e598b0e95825a30badeb657affc1e699,/kaggle/working/denguewatch_yolov8m_workspace/raw_data/roboflow_mosquito-breeding-expanded_v3_yolov8/train/images/images-41-_jpg.rf.c67488c43f39c91c90f16cdeeecc4792.jpg,train,/kaggle/working/denguewatch_yolov8m_workspace/raw_data/roboflow_mosquito-breeding-expanded_v3_yolov8/train/images/images-41-_jpg.rf.08d107458e3a3b3955131664c6232925.jpg,train,exact_duplicate_sha256_removed_to_prevent_leakage
ee0daef4e69e5de3526ba2ee044d3d1b068db3214894d809d6da00c171d2b68d,/kaggle/working/denguewatch_yolov8m_workspace/raw_data/roboflow_mosquito-breeding-expanded_v3_yolov8/train/images/caixadagua11_jpg.rf.66e4416f2319c71dd945074f24bff0c2.jpg,train,/kaggle/working/denguewatch_yolov8m_workspace/raw_data/roboflow_mosquito-breeding-expanded_v3_yolov8/test/images/caixadagua11_jpg.rf.c08efe4344496f875a6e058e7a81fee8.jpg,test,exact_duplicate_sha256_removed_to_prevent_leakage
ee546da5c755beeae753e9081ea3b365fd7c2ae7997caa8484c20f06a90e62dc,/kaggle/working/denguewatch_yolov8m_workspace/raw_data/roboflow_mosquito-breeding-expanded_v3_yolov8/train/images/dicas_como_fazer_a-limpeza_de_caixa_dagua_jpg.rf.39bf3165dae32f86f30fe3ff6f8b20a2.jpg,train,/kaggle/working/denguewatch_yolov8m_workspace/raw_data/roboflow_mosquito-breeding-expanded_v3_yolov8/valid/images/dicas_como_fazer_a-limpeza_de_caixa_dagua_jpg.rf.5be44b83557eafe2ab980399042c6a5c.jpg,valid,exact_duplicate_sha256_removed_to_prevent_leakage
f48f4125820461baed9bffd9302e53f24e9dd89222369a7b620f8aa48beb2ebf,/kaggle/working/denguewatch_yolov8m_workspace/raw_data/roboflow_mosquito-breeding-expanded_v3_yolov8/train/images/piscina-15_jpg.rf.06d1a974a0292f5f7d6b34ae67bcc145.jpg,train,/kaggle/working/denguewatch_yolov8m_workspace/raw_data/roboflow_mosquito-breeding-expanded_v3_yolov8/train/images/images-26-_jpg.rf.e5c1954542fbe56b4a3691f1e8f07165.jpg,train,exact_duplicate_sha256_removed_to_prevent_leakage
f492244bd2e467c1704513715832152cb0b51bfd26bd7aecfae30f3f56299a30,/kaggle/working/denguewatch_yolov8m_workspace/raw_data/roboflow_mosquito-breeding-expanded_v3_yolov8/train/images/images-1-1-_jpg.rf.9b021d4b85c79160a0704b4806bc5064.jpg,train,/kaggle/working/denguewatch_yolov8m_workspace/raw_data/roboflow_mosquito-breeding-expanded_v3_yolov8/train/images/images-1-1-_jpg.rf.0d40c96b3d4cdd25073899a55879c516.jpg,train,exact_duplicate_sha256_removed_to_prevent_leakage
f49b17dc2733f0794607c405c520f74ea955f91bdf1f0e07f5099c70d61b24d6,/kaggle/working/denguewatch_yolov8m_workspace/raw_data/roboflow_mosquito-breeding-expanded_v3_yolov8/train/images/download-1-1-_jpg.rf.d1d480f5a77bb8ba5a7eb485006c450a.jpg,train,/kaggle/working/denguewatch_yolov8m_workspace/raw_data/roboflow_mosquito-breeding-expanded_v3_yolov8/test/images/download-1-1-_jpg.rf.1a013572083d09d44f883befd75b9f03.jpg,test,exact_duplicate_sha256_removed_to_prevent_leakage
f4ecfb149f67cf02e3830d4428c76b2368fc8aa2fc6b093ebe0e5312696a9b78,/kaggle/working/denguewatch_yolov8m_workspace/raw_data/roboflow_mosquito-breeding-expanded_v3_yolov8/train/images/caixadagua10_jpg.rf.d0121005acf34410a669d62fffd350db.jpg,train,/kaggle/working/denguewatch_yolov8m_workspace/raw_data/roboflow_mosquito-breeding-expanded_v3_yolov8/train/images/caixadagua10_jpg.rf.7d33dda193b327afdb7777cb442df796.jpg,train,exact_duplicate_sha256_removed_to_prevent_leakage
f75871e0fd16208fd76a2c6fe34e0fbfd1471e9146264eab7ba1b5ffe38323bd,/kaggle/working/denguewatch_yolov8m_workspace/raw_data/roboflow_mosquito-breeding-expanded_v3_yolov8/train/images/Foto_031-2015-Caixa-dagua-WIKIMEDIA_jpg.rf.29595c99fa8b10037733c790d8dc7a90.jpg,train,/kaggle/working/denguewatch_yolov8m_workspace/raw_data/roboflow_mosquito-breeding-expanded_v3_yolov8/train/images/Foto_031-2015-Caixa-dagua-WIKIMEDIA_jpg.rf.12072c667acfae4d5abe1e6bbb6675cf.jpg,train,exact_duplicate_sha256_removed_to_prevent_leakage
f8a1c447a0353017a2ecff2d58c37ae6d03784732392cd8ffc71d8a7afc10e80,/kaggle/working/denguewatch_yolov8m_workspace/raw_data/roboflow_mosquito-breeding-expanded_v3_yolov8/train/images/images-5-_jpg.rf.32a57e66bb2edba15689d8350c25423c.jpg,train,/kaggle/working/denguewatch_yolov8m_workspace/raw_data/roboflow_mosquito-breeding-expanded_v3_yolov8/valid/images/images-5-_jpg.rf.b0e417f6115eeb226bc05c0b5842d415.jpg,valid,exact_duplicate_sha256_removed_to_prevent_leakage
f988337cef7eff4a6d2b21e94ac656a3efbd6fdfb6aed90807908b437b13674b,/kaggle/working/denguewatch_yolov8m_workspace/raw_data/roboflow_mosquito-breeding-expanded_v3_yolov8/train/images/images-54-_jpg.rf.998bdad844df0428e9700a66f2f209ad.jpg,train,/kaggle/working/denguewatch_yolov8m_workspace/raw_data/roboflow_mosquito-breeding-expanded_v3_yolov8/valid/images/images-54-_jpg.rf.2128daa5c70536d047c624bd234bc7fa.jpg,valid,exact_duplicate_sha256_removed_to_prevent_leakage
fa2d7fdee9ca1b415766003a968b4f57d6fecd975360b5b85250c48512432d65,/kaggle/working/denguewatch_yolov8m_workspace/raw_data/roboflow_mosquito-breeding-expanded_v3_yolov8/train/images/imagem21_jpg.rf.2eac0bcb7b4a209018e410504ae92f83.jpg,train,/kaggle/working/denguewatch_yolov8m_workspace/raw_data/roboflow_mosquito-breeding-expanded_v3_yolov8/test/images/imagem21_jpg.rf.ef3c1e39896e58cc3081001081438461.jpg,test,exact_duplicate_sha256_removed_to_prevent_leakage
fdd7a9fcbfdd8203e5f11b703037ddb59ebcb335688411a2ab59705c630285a4,/kaggle/working/denguewatch_yolov8m_workspace/raw_data/roboflow_mosquito-breeding-expanded_v3_yolov8/train/images/images-30-_jpg.rf.ce70637be8378118ac5203d0bffc1589.jpg,train,/kaggle/working/denguewatch_yolov8m_workspace/raw_data/roboflow_mosquito-breeding-expanded_v3_yolov8/valid/images/images-30-_jpg.rf.cf0b908e7c2e16b35b4b38f44408d410.jpg,valid,exact_duplicate_sha256_removed_to_prevent_leakage
ffcbf4526b45d39466909e7edd3281fe8fd42cee002256818f483f0cf8701bbf,/kaggle/working/denguewatch_yolov8m_workspace/raw_data/roboflow_mosquito-breeding-expanded_v3_yolov8/train/images/DSC09740_jpg.rf.afd6d3a2e8e0ab0e6fda460a54cd2b24.jpg,train,/kaggle/working/denguewatch_yolov8m_workspace/raw_data/roboflow_mosquito-breeding-expanded_v3_yolov8/train/images/DSC09740_jpg.rf.5ddb5517320f68f5fcfcb9b4bdb5d217.jpg,train,exact_duplicate_sha256_removed_to_prevent_leakage
ffd3667019d51ea65f924bb2da0fb1557c8e36ab67123523d5e983d47cb5ebad,/kaggle/working/denguewatch_yolov8m_workspace/raw_data/roboflow_mosquito-breeding-expanded_v3_yolov8/train/images/images-3-_jpg.rf.6edd117ec9f603a041460fe24e993857.jpg,train,/kaggle/working/denguewatch_yolov8m_workspace/raw_data/roboflow_mosquito-breeding-expanded_v3_yolov8/train/images/images-3-_jpg.rf.6cc7895b96c22f61c8e3ca1f6a3af93e.jpg,train,exact_duplicate_sha256_removed_to_prevent_leakage
