sha256,group_size,label_hash_count,image_paths,label_paths
00950d690534f86dd63848b55140cfc1587181449c1f906046f940571bfa6368,2,2,/kaggle/working/denguewatch_yolov8n_workspace/raw_data/roboflow_mosquito-breeding-expanded_v3_yolov8/train/images/images-12-1-_jpg.rf.11b1bd768aa865e800d12c9de6757974.jpg | /kaggle/working/denguewatch_yolov8n_workspace/raw_data/roboflow_mosquito-breeding-expanded_v3_yolov8/train/images/images-12-1-_jpg.rf.e02530ef735ee9ea4c11f46f1f35b239.jpg,/kaggle/working/denguewatch_yolov8n_workspace/raw_data/roboflow_mosquito-breeding-expanded_v3_yolov8/train/labels/images-12-1-_jpg.rf.11b1bd768aa865e800d12c9de6757974.txt | /kaggle/working/denguewatch_yolov8n_workspace/raw_data/roboflow_mosquito-breeding-expanded_v3_yolov8/train/labels/images-12-1-_jpg.rf.e02530ef735ee9ea4c11f46f1f35b239.txt
02478fed90a52387be4f7b5a5af71168536dae2d4bcc5715a12e00e9633cfe24,2,2,/kaggle/working/denguewatch_yolov8n_workspace/raw_data/roboflow_mosquito-breeding-expanded_v3_yolov8/train/images/D_887238-MLB44886387857_022021-O_jpg.rf.b696074d0044e367e1008704684ba3e1.jpg | /kaggle/working/denguewatch_yolov8n_workspace/raw_data/roboflow_mosquito-breeding-expanded_v3_yolov8/valid/images/D_887238-MLB44886387857_022021-O_jpg.rf.2d83695a2770bdb6af54843b13713db7.jpg,/kaggle/working/denguewatch_yolov8n_workspace/raw_data/roboflow_mosquito-breeding-expanded_v3_yolov8/train/labels/D_887238-MLB44886387857_022021-O_jpg.rf.b696074d0044e367e1008704684ba3e1.txt | /kaggle/working/denguewatch_yolov8n_workspace/raw_data/roboflow_mosquito-breeding-expanded_v3_yolov8/valid/labels/D_887238-MLB44886387857_022021-O_jpg.rf.2d83695a2770bdb6af54843b13713db7.txt
03163423db66014ee9ef4a9cc7a951670a37610603121398e9248af510e47eb2,2,2,/kaggle/working/denguewatch_yolov8n_workspace/raw_data/roboflow_mosquito-breeding-expanded_v3_yolov8/train/images/images-17-_jpg.rf.6771ee395420810f76c21345af953c02.jpg | /kaggle/working/denguewatch_yolov8n_workspace/raw_data/roboflow_mosquito-breeding-expanded_v3_yolov8/valid/images/images-17-_jpg.rf.81439e40937365ddf41cf9e16a5337d2.jpg,/kaggle/working/denguewatch_yolov8n_workspace/raw_data/roboflow_mosquito-breeding-expanded_v3_yolov8/train/labels/images-17-_jpg.rf.6771ee395420810f76c21345af953c02.txt | /kaggle/working/denguewatch_yolov8n_workspace/raw_data/roboflow_mosquito-breeding-expanded_v3_yolov8/valid/labels/images-17-_jpg.rf.81439e40937365ddf41cf9e16a5337d2.txt
04326e5157b88e31784e2adf85cbd3cf91aeb9a0211770cb510426ebf5300af5,2,2,/kaggle/working/denguewatch_yolov8n_workspace/raw_data/roboflow_mosquito-breeding-expanded_v3_yolov8/train/images/garrafa13_jpg.rf.6eca94046c68aa6926a197daaee3380b.jpg | /kaggle/working/denguewatch_yolov8n_workspace/raw_data/roboflow_mosquito-breeding-expanded_v3_yolov8/train/images/garrafa13_jpg.rf.c0753e2bfceb6d6febfc21a0dd59fa27.jpg,/kaggle/working/denguewatch_yolov8n_workspace/raw_data/roboflow_mosquito-breeding-expanded_v3_yolov8/train/labels/garrafa13_jpg.rf.6eca94046c68aa6926a197daaee3380b.txt | /kaggle/working/denguewatch_yolov8n_workspace/raw_data/roboflow_mosquito-breeding-expanded_v3_yolov8/train/labels/garrafa13_jpg.rf.c0753e2bfceb6d6febfc21a0dd59fa27.txt
04a95ba13396763323ea7ebb9492cdb4f3f18e2cfd558d9b44022cc0a3726a24,2,2,/kaggle/working/denguewatch_yolov8n_workspace/raw_data/roboflow_mosquito-breeding-expanded_v3_yolov8/train/images/download-1-1-_jpg.rf.22b0bfb367fb70aea7916ff45e382e15.jpg | /kaggle/working/denguewatch_yolov8n_workspace/raw_data/roboflow_mosquito-breeding-expanded_v3_yolov8/train/images/download-1-1-_jpg.rf.2f3525965b4c5352404d03176b086e4f.jpg,/kaggle/working/denguewatch_yolov8n_workspace/raw_data/roboflow_mosquito-breeding-expanded_v3_yolov8/train/labels/download-1-1-_jpg.rf.22b0bfb367fb70aea7916ff45e382e15.txt | /kaggle/working/denguewatch_yolov8n_workspace/raw_data/roboflow_mosquito-breeding-expanded_v3_yolov8/train/labels/download-1-1-_jpg.rf.2f3525965b4c5352404d03176b086e4f.txt
0566ba5bf05c433511e4fbe00c4ee79159dc94448de1e6447ce4ff6b147107cb,2,2,/kaggle/working/denguewatch_yolov8n_workspace/raw_data/roboflow_mosquito-breeding-expanded_v3_yolov8/train/images/imagem9_jpg.rf.95bf2b9090a499cf07abe6d8516884f2.jpg | /kaggle/working/denguewatch_yolov8n_workspace/raw_data/roboflow_mosquito-breeding-expanded_v3_yolov8/train/images/imagem9_jpg.rf.b8664ce723d9e5d4f2701f863d5a8ba7.jpg,/kaggle/working/denguewatch_yolov8n_workspace/raw_data/roboflow_mosquito-breeding-expanded_v3_yolov8/train/labels/imagem9_jpg.rf.95bf2b9090a499cf07abe6d8516884f2.txt | /kaggle/working/denguewatch_yolov8n_workspace/raw_data/roboflow_mosquito-breeding-expanded_v3_yolov8/train/labels/imagem9_jpg.rf.b8664ce723d9e5d4f2701f863d5a8ba7.txt
05806023a1aec5fa4090b408cc74d9cc712e6a2402bd1448d46d0e9185e5248c,2,2,/kaggle/working/denguewatch_yolov8n_workspace/raw_data/roboflow_mosquito-breeding-expanded_v3_yolov8/train/images/garrafas-pet-podem-entupir-esgoto-700x467_jpg.rf.7bfb6db10298fa92f6e65e6fdf562662.jpg | /kaggle/working/denguewatch_yolov8n_workspace/raw_data/roboflow_mosquito-breeding-expanded_v3_yolov8/train/images/garrafas-pet-podem-entupir-esgoto-700x467_jpg.rf.f9b1ecd73384acf653c17babca6030be.jpg,/kaggle/working/denguewatch_yolov8n_workspace/raw_data/roboflow_mosquito-breeding-expanded_v3_yolov8/train/labels/garrafas-pet-podem-entupir-esgoto-700x467_jpg.rf.7bfb6db10298fa92f6e65e6fdf562662.txt | /kaggle/working/denguewatch_yolov8n_workspace/raw_data/roboflow_mosquito-breeding-expanded_v3_yolov8/train/labels/garrafas-pet-podem-entupir-esgoto-700x467_jpg.rf.f9b1ecd73384acf653c17babca6030be.txt
0a540a085ceda3540cc9763a7e1e96282c90b92dd1a5e640e394e35ad503cdf5,2,2,/kaggle/working/denguewatch_yolov8n_workspace/raw_data/roboflow_mosquito-breeding-expanded_v3_yolov8/train/images/imagem14_jpg.rf.8ca9f56068223d4671cb675248db2d02.jpg | /kaggle/working/denguewatch_yolov8n_workspace/raw_data/roboflow_mosquito-breeding-expanded_v3_yolov8/train/images/imagem14_jpg.rf.ae4231f4dea21ace1d5e6736874fd3af.jpg,/kaggle/working/denguewatch_yolov8n_workspace/raw_data/roboflow_mosquito-breeding-expanded_v3_yolov8/train/labels/imagem14_jpg.rf.8ca9f56068223d4671cb675248db2d02.txt | /kaggle/working/denguewatch_yolov8n_workspace/raw_data/roboflow_mosquito-breeding-expanded_v3_yolov8/train/labels/imagem14_jpg.rf.ae4231f4dea21ace1d5e6736874fd3af.txt
0a7e181ccb0ce14ed24ca13bad9519664565c7c47f9868031bea6ee62971e87f,2,2,/kaggle/working/denguewatch_yolov8n_workspace/raw_data/roboflow_mosquito-breeding-expanded_v3_yolov8/train/images/images-3-_jpeg_jpg.rf.406b3c2b89839ab553953d1baf7bba36.jpg | /kaggle/working/denguewatch_yolov8n_workspace/raw_data/roboflow_mosquito-breeding-expanded_v3_yolov8/train/images/images-3-_jpeg_jpg.rf.448624cfc0d60577b686136c6facf971.jpg,/kaggle/working/denguewatch_yolov8n_workspace/raw_data/roboflow_mosquito-breeding-expanded_v3_yolov8/train/labels/images-3-_jpeg_jpg.rf.406b3c2b89839ab553953d1baf7bba36.txt | /kaggle/working/denguewatch_yolov8n_workspace/raw_data/roboflow_mosquito-breeding-expanded_v3_yolov8/train/labels/images-3-_jpeg_jpg.rf.448624cfc0d60577b686136c6facf971.txt
0b61b2e130a0bff2f4ce8ebd8e0577715770a5530451db9384b91c3f0f5dff64,2,2,/kaggle/working/denguewatch_yolov8n_workspace/raw_data/roboflow_mosquito-breeding-expanded_v3_yolov8/train/images/caixaaberta21_jpeg_jpg.rf.b39aab4bf94d33b6f05eef4070ebbd72.jpg | /kaggle/working/denguewatch_yolov8n_workspace/raw_data/roboflow_mosquito-breeding-expanded_v3_yolov8/train/images/caixaaberta21_jpeg_jpg.rf.f9a07ebfb7f994898ab3bc1cadf2a5bd.jpg,/kaggle/working/denguewatch_yolov8n_workspace/raw_data/roboflow_mosquito-breeding-expanded_v3_yolov8/train/labels/caixaaberta21_jpeg_jpg.rf.b39aab4bf94d33b6f05eef4070ebbd72.txt | /kaggle/working/denguewatch_yolov8n_workspace/raw_data/roboflow_mosquito-breeding-expanded_v3_yolov8/train/labels/caixaaberta21_jpeg_jpg.rf.f9a07ebfb7f994898ab3bc1cadf2a5bd.txt
0ee885f72c0f5fe98c5daf3604d7154b10c9f3c866b212c3eb92808256ae44b1,2,2,/kaggle/working/denguewatch_yolov8n_workspace/raw_data/roboflow_mosquito-breeding-expanded_v3_yolov8/train/images/imagem6_jpg.rf.11921c7c1ddcb718a264fe79da05155b.jpg | /kaggle/working/denguewatch_yolov8n_workspace/raw_data/roboflow_mosquito-breeding-expanded_v3_yolov8/valid/images/imagem6_jpg.rf.97baabfc3a4d00a708b2e4ca92038048.jpg,/kaggle/working/denguewatch_yolov8n_workspace/raw_data/roboflow_mosquito-breeding-expanded_v3_yolov8/train/labels/imagem6_jpg.rf.11921c7c1ddcb718a264fe79da05155b.txt | /kaggle/working/denguewatch_yolov8n_workspace/raw_data/roboflow_mosquito-breeding-expanded_v3_yolov8/valid/labels/imagem6_jpg.rf.97baabfc3a4d00a708b2e4ca92038048.txt
0fb4ca85891b04e91331423c6e5c8689ebaaa762bd921811684a7c2801cf37b2,2,2,/kaggle/working/denguewatch_yolov8n_workspace/raw_data/roboflow_mosquito-breeding-expanded_v3_yolov8/train/images/images-3-1-_jpg.rf.5ca3049a495aa72385a1dfc06656fec4.jpg | /kaggle/working/denguewatch_yolov8n_workspace/raw_data/roboflow_mosquito-breeding-expanded_v3_yolov8/train/images/images-3-1-_jpg.rf.6703eb793500a9ef4fb43da0a0c54de9.jpg,/kaggle/working/denguewatch_yolov8n_workspace/raw_data/roboflow_mosquito-breeding-expanded_v3_yolov8/train/labels/images-3-1-_jpg.rf.5ca3049a495aa72385a1dfc06656fec4.txt | /kaggle/working/denguewatch_yolov8n_workspace/raw_data/roboflow_mosquito-breeding-expanded_v3_yolov8/train/labels/images-3-1-_jpg.rf.6703eb793500a9ef4fb43da0a0c54de9.txt
11ee2cfc72dbcb67c19851a37ee452350406605df8d3815ada30193e27a17282,2,2,/kaggle/working/denguewatch_yolov8n_workspace/raw_data/roboflow_mosquito-breeding-expanded_v3_yolov8/train/images/images-57-_jpg.rf.4e3d3278571432ee034c5ef651faf7e6.jpg | /kaggle/working/denguewatch_yolov8n_workspace/raw_data/roboflow_mosquito-breeding-expanded_v3_yolov8/train/images/images-57-_jpg.rf.c46acbe8eb9c6b81ce1670fda62ae3e7.jpg,/kaggle/working/denguewatch_yolov8n_workspace/raw_data/roboflow_mosquito-breeding-expanded_v3_yolov8/train/labels/images-57-_jpg.rf.4e3d3278571432ee034c5ef651faf7e6.txt | /kaggle/working/denguewatch_yolov8n_workspace/raw_data/roboflow_mosquito-breeding-expanded_v3_yolov8/train/labels/images-57-_jpg.rf.c46acbe8eb9c6b81ce1670fda62ae3e7.txt
11f766d9505d8b5f9e5cbbe2c720a7492f4433aa30771fc4455e60521b15048d,2,2,/kaggle/working/denguewatch_yolov8n_workspace/raw_data/roboflow_mosquito-breeding-expanded_v3_yolov8/train/images/garrafa7_jpg.rf.2e3b0e40216befe1bac9ebac3d986ce9.jpg | /kaggle/working/denguewatch_yolov8n_workspace/raw_data/roboflow_mosquito-breeding-expanded_v3_yolov8/valid/images/garrafa7_jpg.rf.f664b5e96bc08ad0152d7e62b48cb72f.jpg,/kaggle/working/denguewatch_yolov8n_workspace/raw_data/roboflow_mosquito-breeding-expanded_v3_yolov8/train/labels/garrafa7_jpg.rf.2e3b0e40216befe1bac9ebac3d986ce9.txt | /kaggle/working/denguewatch_yolov8n_workspace/raw_data/roboflow_mosquito-breeding-expanded_v3_yolov8/valid/labels/garrafa7_jpg.rf.f664b5e96bc08ad0152d7e62b48cb72f.txt
1273425586d6feaa23eec29c63f73371c54ad9b95ec05c72fb475d13168de6f2,2,2,/kaggle/working/denguewatch_yolov8n_workspace/raw_data/roboflow_mosquito-breeding-expanded_v3_yolov8/train/images/caixad-agua2_jpg.rf.81816988f994592ad1480a08a2aeff80.jpg | /kaggle/working/denguewatch_yolov8n_workspace/raw_data/roboflow_mosquito-breeding-expanded_v3_yolov8/train/images/caixad-agua2_jpg.rf.bbdfd29248abddb4ef8d01e1148cb0c9.jpg,/kaggle/working/denguewatch_yolov8n_workspace/raw_data/roboflow_mosquito-breeding-expanded_v3_yolov8/train/labels/caixad-agua2_jpg.rf.81816988f994592ad1480a08a2aeff80.txt | /kaggle/working/denguewatch_yolov8n_workspace/raw_data/roboflow_mosquito-breeding-expanded_v3_yolov8/train/labels/caixad-agua2_jpg.rf.bbdfd29248abddb4ef8d01e1148cb0c9.txt
127a1ef66484e0cb0665c7f40b1d8be60e8e595911a053991bf1e0c60d7750d3,2,2,/kaggle/working/denguewatch_yolov8n_workspace/raw_data/roboflow_mosquito-breeding-expanded_v3_yolov8/train/images/images-15-_jpg.rf.2390970b026feb419e55f04d2c9ed41c.jpg | /kaggle/working/denguewatch_yolov8n_workspace/raw_data/roboflow_mosquito-breeding-expanded_v3_yolov8/test/images/images-15-_jpg.rf.554633b59400818a9420c08fdd4f5427.jpg,/kaggle/working/denguewatch_yolov8n_workspace/raw_data/roboflow_mosquito-breeding-expanded_v3_yolov8/train/labels/images-15-_jpg.rf.2390970b026feb419e55f04d2c9ed41c.txt | /kaggle/working/denguewatch_yolov8n_workspace/raw_data/roboflow_mosquito-breeding-expanded_v3_yolov8/test/labels/images-15-_jpg.rf.554633b59400818a9420c08fdd4f5427.txt
1acb938db0650a4984d0c52ef1ce1fec2a8c1dd874943d9801a839a1a9b429a8,2,2,/kaggle/working/denguewatch_yolov8n_workspace/raw_data/roboflow_mosquito-breeding-expanded_v3_yolov8/train/images/DSCF1059_jpeg_jpg.rf.aaaf6b9cf4c922117393a994ffcadc96.jpg | /kaggle/working/denguewatch_yolov8n_workspace/raw_data/roboflow_mosquito-breeding-expanded_v3_yolov8/valid/images/DSCF1059_jpeg_jpg.rf.78ed5d189449cf117b23d32458b36903.jpg,/kaggle/working/denguewatch_yolov8n_workspace/raw_data/roboflow_mosquito-breeding-expanded_v3_yolov8/train/labels/DSCF1059_jpeg_jpg.rf.aaaf6b9cf4c922117393a994ffcadc96.txt | /kaggle/working/denguewatch_yolov8n_workspace/raw_data/roboflow_mosquito-breeding-expanded_v3_yolov8/valid/labels/DSCF1059_jpeg_jpg.rf.78ed5d189449cf117b23d32458b36903.txt
1c2f1e40c680ae84b6afbdf98fdabb3570b8f0ba056b78262b0b21a2ce3056d7,2,2,/kaggle/working/denguewatch_yolov8n_workspace/raw_data/roboflow_mosquito-breeding-expanded_v3_yolov8/train/images/images-5-_jpeg_jpg.rf.015635e9eaaa21afa225ce2c54679670.jpg | /kaggle/working/denguewatch_yolov8n_workspace/raw_data/roboflow_mosquito-breeding-expanded_v3_yolov8/valid/images/images-5-_jpeg_jpg.rf.bab2fbcb8ccc2a73859bfea793f6a52e.jpg,/kaggle/working/denguewatch_yolov8n_workspace/raw_data/roboflow_mosquito-breeding-expanded_v3_yolov8/train/labels/images-5-_jpeg_jpg.rf.015635e9eaaa21afa225ce2c54679670.txt | /kaggle/working/denguewatch_yolov8n_workspace/raw_data/roboflow_mosquito-breeding-expanded_v3_yolov8/valid/labels/images-5-_jpeg_jpg.rf.bab2fbcb8ccc2a73859bfea793f6a52e.txt
1ef7fbb28a2c9e8f00be1033902cd0763dd5f615646ae48c93d2b0f5312ca7d3,2,2,/kaggle/working/denguewatch_yolov8n_workspace/raw_data/roboflow_mosquito-breeding-expanded_v3_yolov8/train/images/images-2-_jpeg_jpg.rf.a3fb0406c6b33fa2e3f0778fae09b41f.jpg | /kaggle/working/denguewatch_yolov8n_workspace/raw_data/roboflow_mosquito-breeding-expanded_v3_yolov8/train/images/images-2-_jpeg_jpg.rf.deb657bdcdcbe9a5094b6b8d7a938ded.jpg,/kaggle/working/denguewatch_yolov8n_workspace/raw_data/roboflow_mosquito-breeding-expanded_v3_yolov8/train/labels/images-2-_jpeg_jpg.rf.a3fb0406c6b33fa2e3f0778fae09b41f.txt | /kaggle/working/denguewatch_yolov8n_workspace/raw_data/roboflow_mosquito-breeding-expanded_v3_yolov8/train/labels/images-2-_jpeg_jpg.rf.deb657bdcdcbe9a5094b6b8d7a938ded.txt
2584cc990e71759baf977127582cf40f7b13eef69e343dcd47fadbef565d13b9,2,2,/kaggle/working/denguewatch_yolov8n_workspace/raw_data/roboflow_mosquito-breeding-expanded_v3_yolov8/train/images/images-16-_jpg.rf.bca8a5e02bdeaa2180ce602c59cb9a5a.jpg | /kaggle/working/denguewatch_yolov8n_workspace/raw_data/roboflow_mosquito-breeding-expanded_v3_yolov8/test/images/images-16-_jpg.rf.51984d378121d3d8e7531d0d77cc5a12.jpg,/kaggle/working/denguewatch_yolov8n_workspace/raw_data/roboflow_mosquito-breeding-expanded_v3_yolov8/train/labels/images-16-_jpg.rf.bca8a5e02bdeaa2180ce602c59cb9a5a.txt | /kaggle/working/denguewatch_yolov8n_workspace/raw_data/roboflow_mosquito-breeding-expanded_v3_yolov8/test/labels/images-16-_jpg.rf.51984d378121d3d8e7531d0d77cc5a12.txt
2b9a3c985b0079df6353cf22c476cac55d8fcd77863ccf102c952326c942965e,2,2,/kaggle/working/denguewatch_yolov8n_workspace/raw_data/roboflow_mosquito-breeding-expanded_v3_yolov8/train/images/download-9-_jpg.rf.0552974aede7022693804eb9fc952fe3.jpg | /kaggle/working/denguewatch_yolov8n_workspace/raw_data/roboflow_mosquito-breeding-expanded_v3_yolov8/train/images/download-9-_jpg.rf.b0c2d30de4851f7e622ca3adaf6c8aed.jpg,/kaggle/working/denguewatch_yolov8n_workspace/raw_data/roboflow_mosquito-breeding-expanded_v3_yolov8/train/labels/download-9-_jpg.rf.0552974aede7022693804eb9fc952fe3.txt | /kaggle/working/denguewatch_yolov8n_workspace/raw_data/roboflow_mosquito-breeding-expanded_v3_yolov8/train/labels/download-9-_jpg.rf.b0c2d30de4851f7e622ca3adaf6c8aed.txt
2e1131c0b69330802dc0f2e9847f97cb91b6285a873c65f2b994f9a6f156453c,2,2,/kaggle/working/denguewatch_yolov8n_workspace/raw_data/roboflow_mosquito-breeding-expanded_v3_yolov8/train/images/ae571d38-830d-4cae-a2d1-71dc74d54eee_600x400_jpeg_jpg.rf.7662228551d8caabe12a8a01b22c8034.jpg | /kaggle/working/denguewatch_yolov8n_workspace/raw_data/roboflow_mosquito-breeding-expanded_v3_yolov8/test/images/ae571d38-830d-4cae-a2d1-71dc74d54eee_600x400_jpeg_jpg.rf.91c83f74ce782b0a3c3e694a3bcd9f8c.jpg,/kaggle/working/denguewatch_yolov8n_workspace/raw_data/roboflow_mosquito-breeding-expanded_v3_yolov8/train/labels/ae571d38-830d-4cae-a2d1-71dc74d54eee_600x400_jpeg_jpg.rf.7662228551d8caabe12a8a01b22c8034.txt | /kaggle/working/denguewatch_yolov8n_workspace/raw_data/roboflow_mosquito-breeding-expanded_v3_yolov8/test/labels/ae571d38-830d-4cae-a2d1-71dc74d54eee_600x400_jpeg_jpg.rf.91c83f74ce782b0a3c3e694a3bcd9f8c.txt
392bff2233aac92d3a0811401988eed2306900e5ab0b708b067772cc6095695d,2,2,/kaggle/working/denguewatch_yolov8n_workspace/raw_data/roboflow_mosquito-breeding-expanded_v3_yolov8/train/images/garrafa2_jpg.rf.1824c0ef9eebc15366827143ac4b9b1b.jpg | /kaggle/working/denguewatch_yolov8n_workspace/raw_data/roboflow_mosquito-breeding-expanded_v3_yolov8/test/images/garrafa2_jpg.rf.79c3b7c45710fca6f6f36535f3e98d5e.jpg,/kaggle/working/denguewatch_yolov8n_workspace/raw_data/roboflow_mosquito-breeding-expanded_v3_yolov8/train/labels/garrafa2_jpg.rf.1824c0ef9eebc15366827143ac4b9b1b.txt | /kaggle/working/denguewatch_yolov8n_workspace/raw_data/roboflow_mosquito-breeding-expanded_v3_yolov8/test/labels/garrafa2_jpg.rf.79c3b7c45710fca6f6f36535f3e98d5e.txt
3a6ab0b444cae638b9d69e4e1e9054b4db73289a89032dbf03d643735aa2c07e,2,2,/kaggle/working/denguewatch_yolov8n_workspace/raw_data/roboflow_mosquito-breeding-expanded_v3_yolov8/train/images/images-21-_jpg.rf.bab94804c35cdcfaac3db74229865e3f.jpg | /kaggle/working/denguewatch_yolov8n_workspace/raw_data/roboflow_mosquito-breeding-expanded_v3_yolov8/train/images/images-21-_jpg.rf.c4375b74dcf3493e32111cde549fbdab.jpg,/kaggle/working/denguewatch_yolov8n_workspace/raw_data/roboflow_mosquito-breeding-expanded_v3_yolov8/train/labels/images-21-_jpg.rf.bab94804c35cdcfaac3db74229865e3f.txt | /kaggle/working/denguewatch_yolov8n_workspace/raw_data/roboflow_mosquito-breeding-expanded_v3_yolov8/train/labels/images-21-_jpg.rf.c4375b74dcf3493e32111cde549fbdab.txt
3bef67cd776175a944fd71fc32ebfc924724a0947e0176e225a8581e70f6498e,2,2,/kaggle/working/denguewatch_yolov8n_workspace/raw_data/roboflow_mosquito-breeding-expanded_v3_yolov8/train/images/imagem8_jpg.rf.411aa50d6a145a7ac58afebad5b67ccb.jpg | /kaggle/working/denguewatch_yolov8n_workspace/raw_data/roboflow_mosquito-breeding-expanded_v3_yolov8/test/images/imagem8_jpg.rf.b1d2265d289a633fb9cb52f6b647cc9d.jpg,/kaggle/working/denguewatch_yolov8n_workspace/raw_data/roboflow_mosquito-breeding-expanded_v3_yolov8/train/labels/imagem8_jpg.rf.411aa50d6a145a7ac58afebad5b67ccb.txt | /kaggle/working/denguewatch_yolov8n_workspace/raw_data/roboflow_mosquito-breeding-expanded_v3_yolov8/test/labels/imagem8_jpg.rf.b1d2265d289a633fb9cb52f6b647cc9d.txt
3e0173e4515e9ff39ccdf08baada1dc3d77aae0f9f05245e9669446dc984372a,2,2,/kaggle/working/denguewatch_yolov8n_workspace/raw_data/roboflow_mosquito-breeding-expanded_v3_yolov8/train/images/images-1-_jpeg_jpg.rf.b411776dc7ce61e17ca5aaf5e1f44194.jpg | /kaggle/working/denguewatch_yolov8n_workspace/raw_data/roboflow_mosquito-breeding-expanded_v3_yolov8/train/images/images-1-_jpeg_jpg.rf.b55127b1685350d671cde5271c25c0ff.jpg,/kaggle/working/denguewatch_yolov8n_workspace/raw_data/roboflow_mosquito-breeding-expanded_v3_yolov8/train/labels/images-1-_jpeg_jpg.rf.b411776dc7ce61e17ca5aaf5e1f44194.txt | /kaggle/working/denguewatch_yolov8n_workspace/raw_data/roboflow_mosquito-breeding-expanded_v3_yolov8/train/labels/images-1-_jpeg_jpg.rf.b55127b1685350d671cde5271c25c0ff.txt
48604738d896abdea5ae1d887d77e65b718b333d950d500d6bda4ad950c17c66,2,2,/kaggle/working/denguewatch_yolov8n_workspace/raw_data/roboflow_mosquito-breeding-expanded_v3_yolov8/train/images/depositphotos_13380574-stock-photo-water-pollution_jpg.rf.3260f10d739c79a43f62bcef06951424.jpg | /kaggle/working/denguewatch_yolov8n_workspace/raw_data/roboflow_mosquito-breeding-expanded_v3_yolov8/train/images/depositphotos_13380574-stock-photo-water-pollution_jpg.rf.7a70055193bd96d961fd1f7d933c73a9.jpg,/kaggle/working/denguewatch_yolov8n_workspace/raw_data/roboflow_mosquito-breeding-expanded_v3_yolov8/train/labels/depositphotos_13380574-stock-photo-water-pollution_jpg.rf.3260f10d739c79a43f62bcef06951424.txt | /kaggle/working/denguewatch_yolov8n_workspace/raw_data/roboflow_mosquito-breeding-expanded_v3_yolov8/train/labels/depositphotos_13380574-stock-photo-water-pollution_jpg.rf.7a70055193bd96d961fd1f7d933c73a9.txt
487100f0c42c9a00bba8369e08a1e97d2721d3693f8e7f68112fb7bc42ffc826,2,2,/kaggle/working/denguewatch_yolov8n_workspace/raw_data/roboflow_mosquito-breeding-expanded_v3_yolov8/train/images/aguaparada3_jpeg_jpg.rf.bd7ba6b29bc80c90ebae95f14532a479.jpg | /kaggle/working/denguewatch_yolov8n_workspace/raw_data/roboflow_mosquito-breeding-expanded_v3_yolov8/test/images/aguaparada3_jpeg_jpg.rf.02b13e8d9ebb11b067add40439db2efa.jpg,/kaggle/working/denguewatch_yolov8n_workspace/raw_data/roboflow_mosquito-breeding-expanded_v3_yolov8/train/labels/aguaparada3_jpeg_jpg.rf.bd7ba6b29bc80c90ebae95f14532a479.txt | /kaggle/working/denguewatch_yolov8n_workspace/raw_data/roboflow_mosquito-breeding-expanded_v3_yolov8/test/labels/aguaparada3_jpeg_jpg.rf.02b13e8d9ebb11b067add40439db2efa.txt
4dae4c1fdb2d2a4ab026747f6fb65a5047edda36e12cd90297d370fad01a1b85,2,2,/kaggle/working/denguewatch_yolov8n_workspace/raw_data/roboflow_mosquito-breeding-expanded_v3_yolov8/train/images/images-11-1-_jpg.rf.2b5848bf4210a8d27295d8dec788ff7b.jpg | /kaggle/working/denguewatch_yolov8n_workspace/raw_data/roboflow_mosquito-breeding-expanded_v3_yolov8/train/images/images-11-1-_jpg.rf.5227eb2a530a5d0f2772b1e3aa4b71b4.jpg,/kaggle/working/denguewatch_yolov8n_workspace/raw_data/roboflow_mosquito-breeding-expanded_v3_yolov8/train/labels/images-11-1-_jpg.rf.2b5848bf4210a8d27295d8dec788ff7b.txt | /kaggle/working/denguewatch_yolov8n_workspace/raw_data/roboflow_mosquito-breeding-expanded_v3_yolov8/train/labels/images-11-1-_jpg.rf.5227eb2a530a5d0f2772b1e3aa4b71b4.txt
501bd821809af800dd866cc900f7e0ea8247aef5bb7815daf668dcd54e6d2459,2,2,/kaggle/working/denguewatch_yolov8n_workspace/raw_data/roboflow_mosquito-breeding-expanded_v3_yolov8/train/images/caixaaberta16_jpeg_jpg.rf.c9dd6205fb1d22b49af06b1818b3f58f.jpg | /kaggle/working/denguewatch_yolov8n_workspace/raw_data/roboflow_mosquito-breeding-expanded_v3_yolov8/valid/images/caixaaberta16_jpeg_jpg.rf.e70ff191704854674864b1f001455518.jpg,/kaggle/working/denguewatch_yolov8n_workspace/raw_data/roboflow_mosquito-breeding-expanded_v3_yolov8/train/labels/caixaaberta16_jpeg_jpg.rf.c9dd6205fb1d22b49af06b1818b3f58f.txt | /kaggle/working/denguewatch_yolov8n_workspace/raw_data/roboflow_mosquito-breeding-expanded_v3_yolov8/valid/labels/caixaaberta16_jpeg_jpg.rf.e70ff191704854674864b1f001455518.txt
5787b1cb6ebbfea9e0ef442f050b27882c6a1edfd5ab0d261e3f810c68307a3e,2,2,/kaggle/working/denguewatch_yolov8n_workspace/raw_data/roboflow_mosquito-breeding-expanded_v3_yolov8/train/images/Dengue-01_64717_jpeg_jpg.rf.20d1627494d9cf95cf2384580af001bf.jpg | /kaggle/working/denguewatch_yolov8n_workspace/raw_data/roboflow_mosquito-breeding-expanded_v3_yolov8/train/images/Dengue-01_64717_jpeg_jpg.rf.a0f58f18383c31cf3efd68b1753b1fab.jpg,/kaggle/working/denguewatch_yolov8n_workspace/raw_data/roboflow_mosquito-breeding-expanded_v3_yolov8/train/labels/Dengue-01_64717_jpeg_jpg.rf.20d1627494d9cf95cf2384580af001bf.txt | /kaggle/working/denguewatch_yolov8n_workspace/raw_data/roboflow_mosquito-breeding-expanded_v3_yolov8/train/labels/Dengue-01_64717_jpeg_jpg.rf.a0f58f18383c31cf3efd68b1753b1fab.txt
57f2c8daa91960a73a339e7926d5a27f3eed19972b0430b83704d35f0a8271da,2,2,/kaggle/working/denguewatch_yolov8n_workspace/raw_data/roboflow_mosquito-breeding-expanded_v3_yolov8/train/images/garrafa18_jpg.rf.6ddb507a5acbc361f8d34cc598a6c377.jpg | /kaggle/working/denguewatch_yolov8n_workspace/raw_data/roboflow_mosquito-breeding-expanded_v3_yolov8/train/images/garrafa18_jpg.rf.7cb8f1e1436762c3bbf177a22ad9a5fa.jpg,/kaggle/working/denguewatch_yolov8n_workspace/raw_data/roboflow_mosquito-breeding-expanded_v3_yolov8/train/labels/garrafa18_jpg.rf.6ddb507a5acbc361f8d34cc598a6c377.txt | /kaggle/working/denguewatch_yolov8n_workspace/raw_data/roboflow_mosquito-breeding-expanded_v3_yolov8/train/labels/garrafa18_jpg.rf.7cb8f1e1436762c3bbf177a22ad9a5fa.txt
5d25ab42590ea023ef680f15946fe89a11923c92c644c92a443366d9ddf75d05,2,2,/kaggle/working/denguewatch_yolov8n_workspace/raw_data/roboflow_mosquito-breeding-expanded_v3_yolov8/train/images/dengue-pneu_jpg.rf.341a56ba94238c579ce3ee32d1b1cf6f.jpg | /kaggle/working/denguewatch_yolov8n_workspace/raw_data/roboflow_mosquito-breeding-expanded_v3_yolov8/train/images/dengue-pneu_jpg.rf.8ab9b830f77bb326b7954a982723e45a.jpg,/kaggle/working/denguewatch_yolov8n_workspace/raw_data/roboflow_mosquito-breeding-expanded_v3_yolov8/train/labels/dengue-pneu_jpg.rf.341a56ba94238c579ce3ee32d1b1cf6f.txt | /kaggle/working/denguewatch_yolov8n_workspace/raw_data/roboflow_mosquito-breeding-expanded_v3_yolov8/train/labels/dengue-pneu_jpg.rf.8ab9b830f77bb326b7954a982723e45a.txt
60d8a45ffff0ea7dda7a2204cda9b2d71beb15f7b7795c3ea917dc99995b705c,2,2,/kaggle/working/denguewatch_yolov8n_workspace/raw_data/roboflow_mosquito-breeding-expanded_v3_yolov8/train/images/download-2-_jpg.rf.00cc50711403b9c0896f0ec410991044.jpg | /kaggle/working/denguewatch_yolov8n_workspace/raw_data/roboflow_mosquito-breeding-expanded_v3_yolov8/test/images/download-2-_jpg.rf.e4eb4405545dc7e424a9608f86d9a2ce.jpg,/kaggle/working/denguewatch_yolov8n_workspace/raw_data/roboflow_mosquito-breeding-expanded_v3_yolov8/train/labels/download-2-_jpg.rf.00cc50711403b9c0896f0ec410991044.txt | /kaggle/working/denguewatch_yolov8n_workspace/raw_data/roboflow_mosquito-breeding-expanded_v3_yolov8/test/labels/download-2-_jpg.rf.e4eb4405545dc7e424a9608f86d9a2ce.txt
63432baff22dbc19be76e6e91179e94c7a19b02125666976e96e39b9a4b00d9b,2,2,/kaggle/working/denguewatch_yolov8n_workspace/raw_data/roboflow_mosquito-breeding-expanded_v3_yolov8/train/images/Focos-2-1024x576_jpeg_jpg.rf.0731cee93572c65269b95c549d8c7022.jpg | /kaggle/working/denguewatch_yolov8n_workspace/raw_data/roboflow_mosquito-breeding-expanded_v3_yolov8/train/images/Focos-2-1024x576_jpeg_jpg.rf.e08f6381249b354198688a4de8045cd5.jpg,/kaggle/working/denguewatch_yolov8n_workspace/raw_data/roboflow_mosquito-breeding-expanded_v3_yolov8/train/labels/Focos-2-1024x576_jpeg_jpg.rf.0731cee93572c65269b95c549d8c7022.txt | /kaggle/working/denguewatch_yolov8n_workspace/raw_data/roboflow_mosquito-breeding-expanded_v3_yolov8/train/labels/Focos-2-1024x576_jpeg_jpg.rf.e08f6381249b354198688a4de8045cd5.txt
63e2d9c29e4b6e175939cbb56f269b1203b19d47e62105f90b7fc75c1b56ee24,2,2,/kaggle/working/denguewatch_yolov8n_workspace/raw_data/roboflow_mosquito-breeding-expanded_v3_yolov8/train/images/garrafa11_jpg.rf.2fd61ed17e031a8b48197afd025e78a1.jpg | /kaggle/working/denguewatch_yolov8n_workspace/raw_data/roboflow_mosquito-breeding-expanded_v3_yolov8/train/images/garrafa11_jpg.rf.e8b386a8c162affede8db68d9c2b5049.jpg,/kaggle/working/denguewatch_yolov8n_workspace/raw_data/roboflow_mosquito-breeding-expanded_v3_yolov8/train/labels/garrafa11_jpg.rf.2fd61ed17e031a8b48197afd025e78a1.txt | /kaggle/working/denguewatch_yolov8n_workspace/raw_data/roboflow_mosquito-breeding-expanded_v3_yolov8/train/labels/garrafa11_jpg.rf.e8b386a8c162affede8db68d9c2b5049.txt
6709ffae052905edda9faecb2fccee1ca2f0d77dfc0ed71b7bbee510c906c633,2,2,/kaggle/working/denguewatch_yolov8n_workspace/raw_data/roboflow_mosquito-breeding-expanded_v3_yolov8/train/images/imagem16_jpg.rf.2ed486ecf27a5247093cd2b217fea377.jpg | /kaggle/working/denguewatch_yolov8n_workspace/raw_data/roboflow_mosquito-breeding-expanded_v3_yolov8/valid/images/imagem16_jpg.rf.db105312d17c9b5abd217db8ef36abc9.jpg,/kaggle/working/denguewatch_yolov8n_workspace/raw_data/roboflow_mosquito-breeding-expanded_v3_yolov8/train/labels/imagem16_jpg.rf.2ed486ecf27a5247093cd2b217fea377.txt | /kaggle/working/denguewatch_yolov8n_workspace/raw_data/roboflow_mosquito-breeding-expanded_v3_yolov8/valid/labels/imagem16_jpg.rf.db105312d17c9b5abd217db8ef36abc9.txt
68085863d4b9fed7a2b03bd27e2eaad174e38a0cfbd7c5a03768c2aa192fb9fd,2,2,/kaggle/working/denguewatch_yolov8n_workspace/raw_data/roboflow_mosquito-breeding-expanded_v3_yolov8/train/images/imagem25_jpg.rf.6674026921ddacd21cc639470309ef72.jpg | /kaggle/working/denguewatch_yolov8n_workspace/raw_data/roboflow_mosquito-breeding-expanded_v3_yolov8/train/images/imagem25_jpg.rf.b79ac1a35414e615b437401706c45d57.jpg,/kaggle/working/denguewatch_yolov8n_workspace/raw_data/roboflow_mosquito-breeding-expanded_v3_yolov8/train/labels/imagem25_jpg.rf.6674026921ddacd21cc639470309ef72.txt | /kaggle/working/denguewatch_yolov8n_workspace/raw_data/roboflow_mosquito-breeding-expanded_v3_yolov8/train/labels/imagem25_jpg.rf.b79ac1a35414e615b437401706c45d57.txt
691fbe164e4d8b2fa305e5fa3cc7fd9c0cc9af0817453f93e9d430c78657c2d8,2,2,/kaggle/working/denguewatch_yolov8n_workspace/raw_data/roboflow_mosquito-breeding-expanded_v3_yolov8/train/images/images-1-1-_jpg.rf.0c0ebaff920387d595a848896d4ffaf7.jpg | /kaggle/working/denguewatch_yolov8n_workspace/raw_data/roboflow_mosquito-breeding-expanded_v3_yolov8/train/images/images-1-1-_jpg.rf.78f184ae3b5aa6abdd92969ad62616d8.jpg,/kaggle/working/denguewatch_yolov8n_workspace/raw_data/roboflow_mosquito-breeding-expanded_v3_yolov8/train/labels/images-1-1-_jpg.rf.0c0ebaff920387d595a848896d4ffaf7.txt | /kaggle/working/denguewatch_yolov8n_workspace/raw_data/roboflow_mosquito-breeding-expanded_v3_yolov8/train/labels/images-1-1-_jpg.rf.78f184ae3b5aa6abdd92969ad62616d8.txt
69b8e01db0df272f498590ebd55415e7ef635eddd34f6fb6c7c24bce7b4627e3,2,2,/kaggle/working/denguewatch_yolov8n_workspace/raw_data/roboflow_mosquito-breeding-expanded_v3_yolov8/train/images/images-1-_jpg.rf.af3a9f3658df84c5b4d0d936ec07f0af.jpg | /kaggle/working/denguewatch_yolov8n_workspace/raw_data/roboflow_mosquito-breeding-expanded_v3_yolov8/test/images/images-1-_jpg.rf.e3e945d918bb31631cd6a351b3abf475.jpg,/kaggle/working/denguewatch_yolov8n_workspace/raw_data/roboflow_mosquito-breeding-expanded_v3_yolov8/train/labels/images-1-_jpg.rf.af3a9f3658df84c5b4d0d936ec07f0af.txt | /kaggle/working/denguewatch_yolov8n_workspace/raw_data/roboflow_mosquito-breeding-expanded_v3_yolov8/test/labels/images-1-_jpg.rf.e3e945d918bb31631cd6a351b3abf475.txt
6a24373705836c070cc220075f4e3e43d6fdc4062d6a033ae33d9bdc52453f6c,2,2,/kaggle/working/denguewatch_yolov8n_workspace/raw_data/roboflow_mosquito-breeding-expanded_v3_yolov8/train/images/eliminar-criaderos-mosquito_jpeg_jpg.rf.ad6eaed30b79ad7c7978a6e9400d279e.jpg | /kaggle/working/denguewatch_yolov8n_workspace/raw_data/roboflow_mosquito-breeding-expanded_v3_yolov8/test/images/eliminar-criaderos-mosquito_jpeg_jpg.rf.1748abf91d9d15b96014002266a6260c.jpg,/kaggle/working/denguewatch_yolov8n_workspace/raw_data/roboflow_mosquito-breeding-expanded_v3_yolov8/train/labels/eliminar-criaderos-mosquito_jpeg_jpg.rf.ad6eaed30b79ad7c7978a6e9400d279e.txt | /kaggle/working/denguewatch_yolov8n_workspace/raw_data/roboflow_mosquito-breeding-expanded_v3_yolov8/test/labels/eliminar-criaderos-mosquito_jpeg_jpg.rf.1748abf91d9d15b96014002266a6260c.txt
6e84e023151e2d4170525004565a99d4c4d6dfa9077815f687ad5d3403895399,2,2,/kaggle/working/denguewatch_yolov8n_workspace/raw_data/roboflow_mosquito-breeding-expanded_v3_yolov8/train/images/imagem1_jpg.rf.84117b745b7faefbdd52dc866dd1f653.jpg | /kaggle/working/denguewatch_yolov8n_workspace/raw_data/roboflow_mosquito-breeding-expanded_v3_yolov8/valid/images/imagem1_jpg.rf.3fd150ddf616a300e616c0cc1212a361.jpg,/kaggle/working/denguewatch_yolov8n_workspace/raw_data/roboflow_mosquito-breeding-expanded_v3_yolov8/train/labels/imagem1_jpg.rf.84117b745b7faefbdd52dc866dd1f653.txt | /kaggle/working/denguewatch_yolov8n_workspace/raw_data/roboflow_mosquito-breeding-expanded_v3_yolov8/valid/labels/imagem1_jpg.rf.3fd150ddf616a300e616c0cc1212a361.txt
7c7aa421093c570c78741c52bd526514f648d763ce341e82a730499e2d006bff,2,2,/kaggle/working/denguewatch_yolov8n_workspace/raw_data/roboflow_mosquito-breeding-expanded_v3_yolov8/train/images/images-17-_jpg.rf.2a48bdac6541e3a60b8cba3b289f3650.jpg | /kaggle/working/denguewatch_yolov8n_workspace/raw_data/roboflow_mosquito-breeding-expanded_v3_yolov8/train/images/images-17-_jpg.rf.2bbf0cf5fb2a9f85a090823a99c2a989.jpg,/kaggle/working/denguewatch_yolov8n_workspace/raw_data/roboflow_mosquito-breeding-expanded_v3_yolov8/train/labels/images-17-_jpg.rf.2a48bdac6541e3a60b8cba3b289f3650.txt | /kaggle/working/denguewatch_yolov8n_workspace/raw_data/roboflow_mosquito-breeding-expanded_v3_yolov8/train/labels/images-17-_jpg.rf.2bbf0cf5fb2a9f85a090823a99c2a989.txt
7cd5078bed045b26f81e226e4031b014eae055f0222c06c7f04d73353698c5b0,2,2,/kaggle/working/denguewatch_yolov8n_workspace/raw_data/roboflow_mosquito-breeding-expanded_v3_yolov8/train/images/depositphotos_347982526-stock-photo-plastic-garbage-autumn-leaves_jpg.rf.f13f6c6054a25a8b4d8f4ca3fc7eabc6.jpg | /kaggle/working/denguewatch_yolov8n_workspace/raw_data/roboflow_mosquito-breeding-expanded_v3_yolov8/valid/images/depositphotos_347982526-stock-photo-plastic-garbage-autumn-leaves_jpg.rf.1493752fd17cd73b835ac75fd3569d1c.jpg,/kaggle/working/denguewatch_yolov8n_workspace/raw_data/roboflow_mosquito-breeding-expanded_v3_yolov8/train/labels/depositphotos_347982526-stock-photo-plastic-garbage-autumn-leaves_jpg.rf.f13f6c6054a25a8b4d8f4ca3fc7eabc6.txt | /kaggle/working/denguewatch_yolov8n_workspace/raw_data/roboflow_mosquito-breeding-expanded_v3_yolov8/valid/labels/depositphotos_347982526-stock-photo-plastic-garbage-autumn-leaves_jpg.rf.1493752fd17cd73b835ac75fd3569d1c.txt
7db6d9ff4382b58ecb20eb95c9a200cf66db0e97182dc72a8ecbaf2281cd078e,2,2,/kaggle/working/denguewatch_yolov8n_workspace/raw_data/roboflow_mosquito-breeding-expanded_v3_yolov8/train/images/images-4-_jpeg_jpg.rf.23a5a6c5a8b79a4cb538137f505b3f73.jpg | /kaggle/working/denguewatch_yolov8n_workspace/raw_data/roboflow_mosquito-breeding-expanded_v3_yolov8/train/images/images-4-_jpeg_jpg.rf.3ab643d94dc8f9a8a90613a9d67be564.jpg,/kaggle/working/denguewatch_yolov8n_workspace/raw_data/roboflow_mosquito-breeding-expanded_v3_yolov8/train/labels/images-4-_jpeg_jpg.rf.23a5a6c5a8b79a4cb538137f505b3f73.txt | /kaggle/working/denguewatch_yolov8n_workspace/raw_data/roboflow_mosquito-breeding-expanded_v3_yolov8/train/labels/images-4-_jpeg_jpg.rf.3ab643d94dc8f9a8a90613a9d67be564.txt
805347ecae4dd144017406a05b06a0a17bd66caa260011ecf1b244606f31db0a,2,2,/kaggle/working/denguewatch_yolov8n_workspace/raw_data/roboflow_mosquito-breeding-expanded_v3_yolov8/train/images/download-3-_jpg.rf.5292cbf123c2f63c141405828e558f61.jpg | /kaggle/working/denguewatch_yolov8n_workspace/raw_data/roboflow_mosquito-breeding-expanded_v3_yolov8/train/images/download-3-_jpg.rf.da86755c24b68c6aea269aef4333bc20.jpg,/kaggle/working/denguewatch_yolov8n_workspace/raw_data/roboflow_mosquito-breeding-expanded_v3_yolov8/train/labels/download-3-_jpg.rf.5292cbf123c2f63c141405828e558f61.txt | /kaggle/working/denguewatch_yolov8n_workspace/raw_data/roboflow_mosquito-breeding-expanded_v3_yolov8/train/labels/download-3-_jpg.rf.da86755c24b68c6aea269aef4333bc20.txt
813de53727a13dc5dd763a3a1bc143a6cc9db1de9f234dd7cffd3fcd5215ab5e,2,2,/kaggle/working/denguewatch_yolov8n_workspace/raw_data/roboflow_mosquito-breeding-expanded_v3_yolov8/train/images/images-23-_jpg.rf.81f3ae9e85a445572ae4077bac0e27f6.jpg | /kaggle/working/denguewatch_yolov8n_workspace/raw_data/roboflow_mosquito-breeding-expanded_v3_yolov8/valid/images/images-23-_jpg.rf.87038f8073d9a3ede95ed4fe71789122.jpg,/kaggle/working/denguewatch_yolov8n_workspace/raw_data/roboflow_mosquito-breeding-expanded_v3_yolov8/train/labels/images-23-_jpg.rf.81f3ae9e85a445572ae4077bac0e27f6.txt | /kaggle/working/denguewatch_yolov8n_workspace/raw_data/roboflow_mosquito-breeding-expanded_v3_yolov8/valid/labels/images-23-_jpg.rf.87038f8073d9a3ede95ed4fe71789122.txt
847b3d323ae11978d074890562888e36069b0d67edf02c0f15fd228b10cbf045,2,2,/kaggle/working/denguewatch_yolov8n_workspace/raw_data/roboflow_mosquito-breeding-expanded_v3_yolov8/train/images/imagem17_jpg.rf.a1e9739b8f73616b21ad1e70215cee45.jpg | /kaggle/working/denguewatch_yolov8n_workspace/raw_data/roboflow_mosquito-breeding-expanded_v3_yolov8/valid/images/imagem17_jpg.rf.c2d341511d0e749fc9380f541edf82da.jpg,/kaggle/working/denguewatch_yolov8n_workspace/raw_data/roboflow_mosquito-breeding-expanded_v3_yolov8/train/labels/imagem17_jpg.rf.a1e9739b8f73616b21ad1e70215cee45.txt | /kaggle/working/denguewatch_yolov8n_workspace/raw_data/roboflow_mosquito-breeding-expanded_v3_yolov8/valid/labels/imagem17_jpg.rf.c2d341511d0e749fc9380f541edf82da.txt
85686ee31493501837cdfe0064154eb314cc9b0db01027ad0b32ee3eac32f353,2,2,/kaggle/working/denguewatch_yolov8n_workspace/raw_data/roboflow_mosquito-breeding-expanded_v3_yolov8/valid/images/download-2-_jpg.rf.4204fbb722728bc7213fd445a480fa29.jpg | /kaggle/working/denguewatch_yolov8n_workspace/raw_data/roboflow_mosquito-breeding-expanded_v3_yolov8/test/images/download-2-_jpg.rf.8a3894d76cc67cf9a17c2ffe3f0d1f91.jpg,/kaggle/working/denguewatch_yolov8n_workspace/raw_data/roboflow_mosquito-breeding-expanded_v3_yolov8/valid/labels/download-2-_jpg.rf.4204fbb722728bc7213fd445a480fa29.txt | /kaggle/working/denguewatch_yolov8n_workspace/raw_data/roboflow_mosquito-breeding-expanded_v3_yolov8/test/labels/download-2-_jpg.rf.8a3894d76cc67cf9a17c2ffe3f0d1f91.txt
8b13a9ff9c8d3777ca9f76a862531a2edcf03dfb148af5bb32816d5f6e907e8c,2,2,/kaggle/working/denguewatch_yolov8n_workspace/raw_data/roboflow_mosquito-breeding-expanded_v3_yolov8/train/images/images-2-_jpg.rf.422f618fe1f66e11842a5642d1dc4978.jpg | /kaggle/working/denguewatch_yolov8n_workspace/raw_data/roboflow_mosquito-breeding-expanded_v3_yolov8/train/images/images-2-_jpg.rf.c2a9f6012403b247351627a91e856c82.jpg,/kaggle/working/denguewatch_yolov8n_workspace/raw_data/roboflow_mosquito-breeding-expanded_v3_yolov8/train/labels/images-2-_jpg.rf.422f618fe1f66e11842a5642d1dc4978.txt | /kaggle/working/denguewatch_yolov8n_workspace/raw_data/roboflow_mosquito-breeding-expanded_v3_yolov8/train/labels/images-2-_jpg.rf.c2a9f6012403b247351627a91e856c82.txt
8c8ee239e257e45d22ddbfc2d0cff3cd9fcab74bbf4ddea7c490ac66fca0ae50,2,2,/kaggle/working/denguewatch_yolov8n_workspace/raw_data/roboflow_mosquito-breeding-expanded_v3_yolov8/train/images/garrafa2_jpg.rf.c3350773f65cc396cf3ca1a6e6eb06d7.jpg | /kaggle/working/denguewatch_yolov8n_workspace/raw_data/roboflow_mosquito-breeding-expanded_v3_yolov8/test/images/garrafa2_jpg.rf.aedeebd83387ed06a0861569159e5f41.jpg,/kaggle/working/denguewatch_yolov8n_workspace/raw_data/roboflow_mosquito-breeding-expanded_v3_yolov8/train/labels/garrafa2_jpg.rf.c3350773f65cc396cf3ca1a6e6eb06d7.txt | /kaggle/working/denguewatch_yolov8n_workspace/raw_data/roboflow_mosquito-breeding-expanded_v3_yolov8/test/labels/garrafa2_jpg.rf.aedeebd83387ed06a0861569159e5f41.txt
8cb30a5627f1edccd38e9ec428f5f94b973d2ef591c5fba6e5b49c0b9a300670,2,2,/kaggle/working/denguewatch_yolov8n_workspace/raw_data/roboflow_mosquito-breeding-expanded_v3_yolov8/train/images/images-14-_jpg.rf.487a11452316ef458a0ddbc2a7ebd33e.jpg | /kaggle/working/denguewatch_yolov8n_workspace/raw_data/roboflow_mosquito-breeding-expanded_v3_yolov8/train/images/images-14-_jpg.rf.4ecff3fb44e33ec87a1d5fce4d557ad4.jpg,/kaggle/working/denguewatch_yolov8n_workspace/raw_data/roboflow_mosquito-breeding-expanded_v3_yolov8/train/labels/images-14-_jpg.rf.487a11452316ef458a0ddbc2a7ebd33e.txt | /kaggle/working/denguewatch_yolov8n_workspace/raw_data/roboflow_mosquito-breeding-expanded_v3_yolov8/train/labels/images-14-_jpg.rf.4ecff3fb44e33ec87a1d5fce4d557ad4.txt
8cce22a672b82bc4a7a1e7824458f51353ce2c1f928610d796543486fd94c5ee,2,2,/kaggle/working/denguewatch_yolov8n_workspace/raw_data/roboflow_mosquito-breeding-expanded_v3_yolov8/train/images/caixaaberta4_jpeg_jpg.rf.7d853361836dffc7c27e6101f5c0b99a.jpg | /kaggle/working/denguewatch_yolov8n_workspace/raw_data/roboflow_mosquito-breeding-expanded_v3_yolov8/train/images/caixaaberta4_jpeg_jpg.rf.816abb9432456d83f2fb085487490804.jpg,/kaggle/working/denguewatch_yolov8n_workspace/raw_data/roboflow_mosquito-breeding-expanded_v3_yolov8/train/labels/caixaaberta4_jpeg_jpg.rf.7d853361836dffc7c27e6101f5c0b99a.txt | /kaggle/working/denguewatch_yolov8n_workspace/raw_data/roboflow_mosquito-breeding-expanded_v3_yolov8/train/labels/caixaaberta4_jpeg_jpg.rf.816abb9432456d83f2fb085487490804.txt
9a6382e361a262e61dd41cd834bfbb62d4c922c33724ed6d25a8606969ad261e,2,2,/kaggle/working/denguewatch_yolov8n_workspace/raw_data/roboflow_mosquito-breeding-expanded_v3_yolov8/train/images/images-51-_jpg.rf.e9d246dbb806199707b44c3a6ad0ec35.jpg | /kaggle/working/denguewatch_yolov8n_workspace/raw_data/roboflow_mosquito-breeding-expanded_v3_yolov8/valid/images/images-51-_jpg.rf.61294fca6d4d3597fbade3a945c53a61.jpg,/kaggle/working/denguewatch_yolov8n_workspace/raw_data/roboflow_mosquito-breeding-expanded_v3_yolov8/train/labels/images-51-_jpg.rf.e9d246dbb806199707b44c3a6ad0ec35.txt | /kaggle/working/denguewatch_yolov8n_workspace/raw_data/roboflow_mosquito-breeding-expanded_v3_yolov8/valid/labels/images-51-_jpg.rf.61294fca6d4d3597fbade3a945c53a61.txt
9f7ab0f90accf0f6df9dceed993c6b644168e78fc7753f50bdd671a2adc602cb,2,2,/kaggle/working/denguewatch_yolov8n_workspace/raw_data/roboflow_mosquito-breeding-expanded_v3_yolov8/train/images/images-4-_jpg.rf.012fd49f32fa2184704470be7814f74d.jpg | /kaggle/working/denguewatch_yolov8n_workspace/raw_data/roboflow_mosquito-breeding-expanded_v3_yolov8/test/images/images-4-_jpg.rf.5d72981596c2baabf464ed0ce9fd3649.jpg,/kaggle/working/denguewatch_yolov8n_workspace/raw_data/roboflow_mosquito-breeding-expanded_v3_yolov8/train/labels/images-4-_jpg.rf.012fd49f32fa2184704470be7814f74d.txt | /kaggle/working/denguewatch_yolov8n_workspace/raw_data/roboflow_mosquito-breeding-expanded_v3_yolov8/test/labels/images-4-_jpg.rf.5d72981596c2baabf464ed0ce9fd3649.txt
9f8346d98b6c07273fad7752270075418c3244f872fdb0b5ffef2085081a437b,2,2,/kaggle/working/denguewatch_yolov8n_workspace/raw_data/roboflow_mosquito-breeding-expanded_v3_yolov8/train/images/dsc_0028_3_jpeg_jpg.rf.1aba54bf265c7cc650d3c0ec0774687d.jpg | /kaggle/working/denguewatch_yolov8n_workspace/raw_data/roboflow_mosquito-breeding-expanded_v3_yolov8/valid/images/dsc_0028_3_jpeg_jpg.rf.6a6824a86b4560b8abaa0e2636210320.jpg,/kaggle/working/denguewatch_yolov8n_workspace/raw_data/roboflow_mosquito-breeding-expanded_v3_yolov8/train/labels/dsc_0028_3_jpeg_jpg.rf.1aba54bf265c7cc650d3c0ec0774687d.txt | /kaggle/working/denguewatch_yolov8n_workspace/raw_data/roboflow_mosquito-breeding-expanded_v3_yolov8/valid/labels/dsc_0028_3_jpeg_jpg.rf.6a6824a86b4560b8abaa0e2636210320.txt
a3fdba497a87a3c27d06911b641597503ce2b53b03808c601bacd3358f8b1ed3,2,2,/kaggle/working/denguewatch_yolov8n_workspace/raw_data/roboflow_mosquito-breeding-expanded_v3_yolov8/train/images/destaque-para-site-pneus-03-1-_jpg.rf.a3868f9a682b91f8e22fc44beead00c6.jpg | /kaggle/working/denguewatch_yolov8n_workspace/raw_data/roboflow_mosquito-breeding-expanded_v3_yolov8/train/images/destaque-para-site-pneus-03-1-_jpg.rf.e242bf3d5d6518a496360d2558ac338c.jpg,/kaggle/working/denguewatch_yolov8n_workspace/raw_data/roboflow_mosquito-breeding-expanded_v3_yolov8/train/labels/destaque-para-site-pneus-03-1-_jpg.rf.a3868f9a682b91f8e22fc44beead00c6.txt | /kaggle/working/denguewatch_yolov8n_workspace/raw_data/roboflow_mosquito-breeding-expanded_v3_yolov8/train/labels/destaque-para-site-pneus-03-1-_jpg.rf.e242bf3d5d6518a496360d2558ac338c.txt
ab5530eedc40a712e1a4e0cc2b558f1caef39ba576218c99ec42cc60487a8aa4,2,2,/kaggle/working/denguewatch_yolov8n_workspace/raw_data/roboflow_mosquito-breeding-expanded_v3_yolov8/test/images/depositphotos_207102234-stock-photo-standing-water-trapped-in-tire_jpg.rf.4ab57a28d0698e500f9eae8a29c195b3.jpg | /kaggle/working/denguewatch_yolov8n_workspace/raw_data/roboflow_mosquito-breeding-expanded_v3_yolov8/test/images/depositphotos_207102234-stock-photo-standing-water-trapped-in-tire_jpg.rf.b17d1caa388738675efea29cd0455d0b.jpg,/kaggle/working/denguewatch_yolov8n_workspace/raw_data/roboflow_mosquito-breeding-expanded_v3_yolov8/test/labels/depositphotos_207102234-stock-photo-standing-water-trapped-in-tire_jpg.rf.4ab57a28d0698e500f9eae8a29c195b3.txt | /kaggle/working/denguewatch_yolov8n_workspace/raw_data/roboflow_mosquito-breeding-expanded_v3_yolov8/test/labels/depositphotos_207102234-stock-photo-standing-water-trapped-in-tire_jpg.rf.b17d1caa388738675efea29cd0455d0b.txt
b135b6e614c4bfd0adffa266436e7466d6234d80ea5b9033d6ab44c245110d07,2,2,/kaggle/working/denguewatch_yolov8n_workspace/raw_data/roboflow_mosquito-breeding-expanded_v3_yolov8/train/images/imagem32_jpg.rf.036be352dd30778cdf9a80b9d67d7844.jpg | /kaggle/working/denguewatch_yolov8n_workspace/raw_data/roboflow_mosquito-breeding-expanded_v3_yolov8/test/images/imagem32_jpg.rf.9697ebb56891a874bc1b15f8929deebb.jpg,/kaggle/working/denguewatch_yolov8n_workspace/raw_data/roboflow_mosquito-breeding-expanded_v3_yolov8/train/labels/imagem32_jpg.rf.036be352dd30778cdf9a80b9d67d7844.txt | /kaggle/working/denguewatch_yolov8n_workspace/raw_data/roboflow_mosquito-breeding-expanded_v3_yolov8/test/labels/imagem32_jpg.rf.9697ebb56891a874bc1b15f8929deebb.txt
b4d31b7cf0992db20f9b6dec9055a738070c973792a321c71b8bde72e0ad6263,2,2,/kaggle/working/denguewatch_yolov8n_workspace/raw_data/roboflow_mosquito-breeding-expanded_v3_yolov8/test/images/download-10-_jpg.rf.199a0e56775b59cc2e7998d8458b13f6.jpg | /kaggle/working/denguewatch_yolov8n_workspace/raw_data/roboflow_mosquito-breeding-expanded_v3_yolov8/test/images/download-10-_jpg.rf.905c727f3ded9700dfcff969a5a8b2fb.jpg,/kaggle/working/denguewatch_yolov8n_workspace/raw_data/roboflow_mosquito-breeding-expanded_v3_yolov8/test/labels/download-10-_jpg.rf.199a0e56775b59cc2e7998d8458b13f6.txt | /kaggle/working/denguewatch_yolov8n_workspace/raw_data/roboflow_mosquito-breeding-expanded_v3_yolov8/test/labels/download-10-_jpg.rf.905c727f3ded9700dfcff969a5a8b2fb.txt
b55c34676d3eeb034b4f8200302af54397351a764f3a8231a6ecf2ffb6b678be,2,2,/kaggle/working/denguewatch_yolov8n_workspace/raw_data/roboflow_mosquito-breeding-expanded_v3_yolov8/train/images/images-4-1-_jpg.rf.43ac8f6c12b555a50588e598f5f5b95a.jpg | /kaggle/working/denguewatch_yolov8n_workspace/raw_data/roboflow_mosquito-breeding-expanded_v3_yolov8/test/images/images-4-1-_jpg.rf.38f1ecf9c029a29d2553778f73dbaf5c.jpg,/kaggle/working/denguewatch_yolov8n_workspace/raw_data/roboflow_mosquito-breeding-expanded_v3_yolov8/train/labels/images-4-1-_jpg.rf.43ac8f6c12b555a50588e598f5f5b95a.txt | /kaggle/working/denguewatch_yolov8n_workspace/raw_data/roboflow_mosquito-breeding-expanded_v3_yolov8/test/labels/images-4-1-_jpg.rf.38f1ecf9c029a29d2553778f73dbaf5c.txt
b71f642c8e69f2dc0f003fc2a29420d4504d2090e416b7e43d6c337b944fce86,2,2,/kaggle/working/denguewatch_yolov8n_workspace/raw_data/roboflow_mosquito-breeding-expanded_v3_yolov8/train/images/caixaaberta22_jpeg_jpg.rf.417a2034d9486aaa996bb47da247e6c0.jpg | /kaggle/working/denguewatch_yolov8n_workspace/raw_data/roboflow_mosquito-breeding-expanded_v3_yolov8/train/images/caixaaberta22_jpeg_jpg.rf.fcfccb12cfbcf48786d57ffe16a10ec8.jpg,/kaggle/working/denguewatch_yolov8n_workspace/raw_data/roboflow_mosquito-breeding-expanded_v3_yolov8/train/labels/caixaaberta22_jpeg_jpg.rf.417a2034d9486aaa996bb47da247e6c0.txt | /kaggle/working/denguewatch_yolov8n_workspace/raw_data/roboflow_mosquito-breeding-expanded_v3_yolov8/train/labels/caixaaberta22_jpeg_jpg.rf.fcfccb12cfbcf48786d57ffe16a10ec8.txt
bb511830970e9feb49c4ffa12009a2ab76e731ae504517fab60e6b8789860097,2,2,/kaggle/working/denguewatch_yolov8n_workspace/raw_data/roboflow_mosquito-breeding-expanded_v3_yolov8/train/images/imagem24_jpg.rf.5358630ce1a64fa44670bec43de8ce36.jpg | /kaggle/working/denguewatch_yolov8n_workspace/raw_data/roboflow_mosquito-breeding-expanded_v3_yolov8/train/images/imagem24_jpg.rf.5e34517c2b531f8a3bd7699bb160b0d8.jpg,/kaggle/working/denguewatch_yolov8n_workspace/raw_data/roboflow_mosquito-breeding-expanded_v3_yolov8/train/labels/imagem24_jpg.rf.5358630ce1a64fa44670bec43de8ce36.txt | /kaggle/working/denguewatch_yolov8n_workspace/raw_data/roboflow_mosquito-breeding-expanded_v3_yolov8/train/labels/imagem24_jpg.rf.5e34517c2b531f8a3bd7699bb160b0d8.txt
bc4e7bc8ffa1318eaae8941095de96b63be2a7ae215a77441fb3bd6a88c72ffc,2,2,/kaggle/working/denguewatch_yolov8n_workspace/raw_data/roboflow_mosquito-breeding-expanded_v3_yolov8/train/images/garrafa19_jpg.rf.ea01401db19734bbcf56dc9e190a2755.jpg | /kaggle/working/denguewatch_yolov8n_workspace/raw_data/roboflow_mosquito-breeding-expanded_v3_yolov8/valid/images/garrafa19_jpg.rf.0128d7d88f0758fea9daff5be628070b.jpg,/kaggle/working/denguewatch_yolov8n_workspace/raw_data/roboflow_mosquito-breeding-expanded_v3_yolov8/train/labels/garrafa19_jpg.rf.ea01401db19734bbcf56dc9e190a2755.txt | /kaggle/working/denguewatch_yolov8n_workspace/raw_data/roboflow_mosquito-breeding-expanded_v3_yolov8/valid/labels/garrafa19_jpg.rf.0128d7d88f0758fea9daff5be628070b.txt
bd10d022db699b74dec03267ee36ec05527d78f86e4dd137081226292015e2ca,2,2,/kaggle/working/denguewatch_yolov8n_workspace/raw_data/roboflow_mosquito-breeding-expanded_v3_yolov8/train/images/dsc_0039_4_jpeg_jpg.rf.0fe54c2cd29a398272743cbc304051b7.jpg | /kaggle/working/denguewatch_yolov8n_workspace/raw_data/roboflow_mosquito-breeding-expanded_v3_yolov8/train/images/dsc_0039_4_jpeg_jpg.rf.be98f1bdb136a47e16751bfaa688d841.jpg,/kaggle/working/denguewatch_yolov8n_workspace/raw_data/roboflow_mosquito-breeding-expanded_v3_yolov8/train/labels/dsc_0039_4_jpeg_jpg.rf.0fe54c2cd29a398272743cbc304051b7.txt | /kaggle/working/denguewatch_yolov8n_workspace/raw_data/roboflow_mosquito-breeding-expanded_v3_yolov8/train/labels/dsc_0039_4_jpeg_jpg.rf.be98f1bdb136a47e16751bfaa688d841.txt
bf96d2182911b66d132a197fd2b69d3897aa1bd7291d4821c8b14e787be4bce1,2,2,/kaggle/working/denguewatch_yolov8n_workspace/raw_data/roboflow_mosquito-breeding-expanded_v3_yolov8/train/images/barracao_arrepiado_pneus_180221_foto_fabio_ulsenheimer_5_jpg.rf.7277bf56750c277b12d37b01e696773b.jpg | /kaggle/working/denguewatch_yolov8n_workspace/raw_data/roboflow_mosquito-breeding-expanded_v3_yolov8/train/images/barracao_arrepiado_pneus_180221_foto_fabio_ulsenheimer_5_jpg.rf.8b59d91badc1ccf5323acb7e411d3b86.jpg,/kaggle/working/denguewatch_yolov8n_workspace/raw_data/roboflow_mosquito-breeding-expanded_v3_yolov8/train/labels/barracao_arrepiado_pneus_180221_foto_fabio_ulsenheimer_5_jpg.rf.7277bf56750c277b12d37b01e696773b.txt | /kaggle/working/denguewatch_yolov8n_workspace/raw_data/roboflow_mosquito-breeding-expanded_v3_yolov8/train/labels/barracao_arrepiado_pneus_180221_foto_fabio_ulsenheimer_5_jpg.rf.8b59d91badc1ccf5323acb7e411d3b86.txt
c384cde4b9b88f950cbbbbd0866dc00713ea2816a70493ceb2e0d6c97db33b23,2,2,/kaggle/working/denguewatch_yolov8n_workspace/raw_data/roboflow_mosquito-breeding-expanded_v3_yolov8/valid/images/download-4-_jpg.rf.2617e3c4769d27e9200cf6bcf02adc40.jpg | /kaggle/working/denguewatch_yolov8n_workspace/raw_data/roboflow_mosquito-breeding-expanded_v3_yolov8/valid/images/download-4-_jpg.rf.975b7a710da2ae11db710c64a32642fa.jpg,/kaggle/working/denguewatch_yolov8n_workspace/raw_data/roboflow_mosquito-breeding-expanded_v3_yolov8/valid/labels/download-4-_jpg.rf.2617e3c4769d27e9200cf6bcf02adc40.txt | /kaggle/working/denguewatch_yolov8n_workspace/raw_data/roboflow_mosquito-breeding-expanded_v3_yolov8/valid/labels/download-4-_jpg.rf.975b7a710da2ae11db710c64a32642fa.txt
c87b821712b8a9949f4f1a8dc279f944a4a7508f1a791ed6b99ad3be5c082da6,2,2,/kaggle/working/denguewatch_yolov8n_workspace/raw_data/roboflow_mosquito-breeding-expanded_v3_yolov8/train/images/download-1-_jpg.rf.b47ca144cd9e44d4129de3f45fcf21c5.jpg | /kaggle/working/denguewatch_yolov8n_workspace/raw_data/roboflow_mosquito-breeding-expanded_v3_yolov8/test/images/download-1-_jpg.rf.3a692ee5f8fec5fca914db7d0860f4ff.jpg,/kaggle/working/denguewatch_yolov8n_workspace/raw_data/roboflow_mosquito-breeding-expanded_v3_yolov8/train/labels/download-1-_jpg.rf.b47ca144cd9e44d4129de3f45fcf21c5.txt | /kaggle/working/denguewatch_yolov8n_workspace/raw_data/roboflow_mosquito-breeding-expanded_v3_yolov8/test/labels/download-1-_jpg.rf.3a692ee5f8fec5fca914db7d0860f4ff.txt
d211f5c251cf795ae321cf523c986a853d19a099f5227a54ca5e0f2af7950555,2,2,/kaggle/working/denguewatch_yolov8n_workspace/raw_data/roboflow_mosquito-breeding-expanded_v3_yolov8/train/images/images-13-_jpg.rf.5c7143c054df2271e8374dc228e5f8cb.jpg | /kaggle/working/denguewatch_yolov8n_workspace/raw_data/roboflow_mosquito-breeding-expanded_v3_yolov8/train/images/images-13-_jpg.rf.5f5d1b89adff1843ed7b5159f97c84c7.jpg,/kaggle/working/denguewatch_yolov8n_workspace/raw_data/roboflow_mosquito-breeding-expanded_v3_yolov8/train/labels/images-13-_jpg.rf.5c7143c054df2271e8374dc228e5f8cb.txt | /kaggle/working/denguewatch_yolov8n_workspace/raw_data/roboflow_mosquito-breeding-expanded_v3_yolov8/train/labels/images-13-_jpg.rf.5f5d1b89adff1843ed7b5159f97c84c7.txt
d4450d9299e8fb40a4ddb6a37292204c0561eb8e13fe8aa439acf74b9a82af99,2,2,/kaggle/working/denguewatch_yolov8n_workspace/raw_data/roboflow_mosquito-breeding-expanded_v3_yolov8/train/images/images-2-_jpg.rf.2f5655243a73525ac620368b990a1e85.jpg | /kaggle/working/denguewatch_yolov8n_workspace/raw_data/roboflow_mosquito-breeding-expanded_v3_yolov8/train/images/images-2-_jpg.rf.f688d236dfaec45900df9d9e9bc3b856.jpg,/kaggle/working/denguewatch_yolov8n_workspace/raw_data/roboflow_mosquito-breeding-expanded_v3_yolov8/train/labels/images-2-_jpg.rf.2f5655243a73525ac620368b990a1e85.txt | /kaggle/working/denguewatch_yolov8n_workspace/raw_data/roboflow_mosquito-breeding-expanded_v3_yolov8/train/labels/images-2-_jpg.rf.f688d236dfaec45900df9d9e9bc3b856.txt
d47a133c8372e6981674862b19a8b8913068f88794bb741fb4372484561d964a,2,2,/kaggle/working/denguewatch_yolov8n_workspace/raw_data/roboflow_mosquito-breeding-expanded_v3_yolov8/train/images/images-31-_jpg.rf.43480ca4d5a82a4e38f92189fa231f1c.jpg | /kaggle/working/denguewatch_yolov8n_workspace/raw_data/roboflow_mosquito-breeding-expanded_v3_yolov8/valid/images/images-31-_jpg.rf.d6c8f1b1f4123288c2fb1e9e4127de29.jpg,/kaggle/working/denguewatch_yolov8n_workspace/raw_data/roboflow_mosquito-breeding-expanded_v3_yolov8/train/labels/images-31-_jpg.rf.43480ca4d5a82a4e38f92189fa231f1c.txt | /kaggle/working/denguewatch_yolov8n_workspace/raw_data/roboflow_mosquito-breeding-expanded_v3_yolov8/valid/labels/images-31-_jpg.rf.d6c8f1b1f4123288c2fb1e9e4127de29.txt
d551b748e35583d1b98efad8fc3e03e85f0958922481214baaf47d4fc22448d5,2,2,/kaggle/working/denguewatch_yolov8n_workspace/raw_data/roboflow_mosquito-breeding-expanded_v3_yolov8/train/images/images-12-_jpg.rf.40226b73a968116a8067ab0e68894a7a.jpg | /kaggle/working/denguewatch_yolov8n_workspace/raw_data/roboflow_mosquito-breeding-expanded_v3_yolov8/train/images/images-12-_jpg.rf.b7af44d1994e3d22a279bdf37b4d22ba.jpg,/kaggle/working/denguewatch_yolov8n_workspace/raw_data/roboflow_mosquito-breeding-expanded_v3_yolov8/train/labels/images-12-_jpg.rf.40226b73a968116a8067ab0e68894a7a.txt | /kaggle/working/denguewatch_yolov8n_workspace/raw_data/roboflow_mosquito-breeding-expanded_v3_yolov8/train/labels/images-12-_jpg.rf.b7af44d1994e3d22a279bdf37b4d22ba.txt
d55ae8785f4228d0ce19c5e6406aae7940a985ad6aae5e816822daf4b3878e5e,2,2,/kaggle/working/denguewatch_yolov8n_workspace/raw_data/roboflow_mosquito-breeding-expanded_v3_yolov8/train/images/download-1-_jpeg_jpg.rf.193fa6b3de21aff08e7eb211171fedee.jpg | /kaggle/working/denguewatch_yolov8n_workspace/raw_data/roboflow_mosquito-breeding-expanded_v3_yolov8/test/images/download-1-_jpeg_jpg.rf.91a8d74bd17d6aee1997ea0308f269b4.jpg,/kaggle/working/denguewatch_yolov8n_workspace/raw_data/roboflow_mosquito-breeding-expanded_v3_yolov8/train/labels/download-1-_jpeg_jpg.rf.193fa6b3de21aff08e7eb211171fedee.txt | /kaggle/working/denguewatch_yolov8n_workspace/raw_data/roboflow_mosquito-breeding-expanded_v3_yolov8/test/labels/download-1-_jpeg_jpg.rf.91a8d74bd17d6aee1997ea0308f269b4.txt
d8cd74070454a1ac179008b885e2d5ea8069e52e8a57c8141fbbacd00da82b5e,2,2,/kaggle/working/denguewatch_yolov8n_workspace/raw_data/roboflow_mosquito-breeding-expanded_v3_yolov8/train/images/caixa_jpg.rf.0ba9ead77830f696cc12e3cf55a1639d.jpg | /kaggle/working/denguewatch_yolov8n_workspace/raw_data/roboflow_mosquito-breeding-expanded_v3_yolov8/train/images/caixa_jpg.rf.d1b256a3a980bb8a0d7f4426da6633cc.jpg,/kaggle/working/denguewatch_yolov8n_workspace/raw_data/roboflow_mosquito-breeding-expanded_v3_yolov8/train/labels/caixa_jpg.rf.0ba9ead77830f696cc12e3cf55a1639d.txt | /kaggle/working/denguewatch_yolov8n_workspace/raw_data/roboflow_mosquito-breeding-expanded_v3_yolov8/train/labels/caixa_jpg.rf.d1b256a3a980bb8a0d7f4426da6633cc.txt
da1ec4a54d86e2ed87b561bed54942d2b77de7fbdc6cdb96f5f1a6f64e762027,2,2,/kaggle/working/denguewatch_yolov8n_workspace/raw_data/roboflow_mosquito-breeding-expanded_v3_yolov8/train/images/garrafa-de-plastico-usada-jogada-fora-do-chao-coberto-grama-poluicao-conceito-natureza-165113048_jpg.rf.7b37b448622d22aedb079fb3f40bc518.jpg | /kaggle/working/denguewatch_yolov8n_workspace/raw_data/roboflow_mosquito-breeding-expanded_v3_yolov8/train/images/garrafa-de-plastico-usada-jogada-fora-do-chao-coberto-grama-poluicao-conceito-natureza-165113048_jpg.rf.b183154516f01b8403953ae46e1c09cb.jpg,/kaggle/working/denguewatch_yolov8n_workspace/raw_data/roboflow_mosquito-breeding-expanded_v3_yolov8/train/labels/garrafa-de-plastico-usada-jogada-fora-do-chao-coberto-grama-poluicao-conceito-natureza-165113048_jpg.rf.7b37b448622d22aedb079fb3f40bc518.txt | /kaggle/working/denguewatch_yolov8n_workspace/raw_data/roboflow_mosquito-breeding-expanded_v3_yolov8/train/labels/garrafa-de-plastico-usada-jogada-fora-do-chao-coberto-grama-poluicao-conceito-natureza-165113048_jpg.rf.b183154516f01b8403953ae46e1c09cb.txt
df69721a9b4c36b88e53b307e516e89e6da76154cc0b85f7297392f8691d123e,2,2,/kaggle/working/denguewatch_yolov8n_workspace/raw_data/roboflow_mosquito-breeding-expanded_v3_yolov8/train/images/caixadagua7_jpg.rf.1ac9e5d4f1232f185f3cfd9f0ac4058a.jpg | /kaggle/working/denguewatch_yolov8n_workspace/raw_data/roboflow_mosquito-breeding-expanded_v3_yolov8/valid/images/caixadagua7_jpg.rf.de95f4ee21ded4aa099f396234fb1b71.jpg,/kaggle/working/denguewatch_yolov8n_workspace/raw_data/roboflow_mosquito-breeding-expanded_v3_yolov8/train/labels/caixadagua7_jpg.rf.1ac9e5d4f1232f185f3cfd9f0ac4058a.txt | /kaggle/working/denguewatch_yolov8n_workspace/raw_data/roboflow_mosquito-breeding-expanded_v3_yolov8/valid/labels/caixadagua7_jpg.rf.de95f4ee21ded4aa099f396234fb1b71.txt
e2a26c43cc73db5eba712599187493761f4f1bb70afa8afeef0ba7621fa077cd,2,2,/kaggle/working/denguewatch_yolov8n_workspace/raw_data/roboflow_mosquito-breeding-expanded_v3_yolov8/train/images/imagem2_jpg.rf.21d43fc894d975aa31362bb93077bb46.jpg | /kaggle/working/denguewatch_yolov8n_workspace/raw_data/roboflow_mosquito-breeding-expanded_v3_yolov8/train/images/imagem2_jpg.rf.95208e38a49eb7ff903017162a9fb32e.jpg,/kaggle/working/denguewatch_yolov8n_workspace/raw_data/roboflow_mosquito-breeding-expanded_v3_yolov8/train/labels/imagem2_jpg.rf.21d43fc894d975aa31362bb93077bb46.txt | /kaggle/working/denguewatch_yolov8n_workspace/raw_data/roboflow_mosquito-breeding-expanded_v3_yolov8/train/labels/imagem2_jpg.rf.95208e38a49eb7ff903017162a9fb32e.txt
e3ff613e58e84cb851f7308a56e143d18533e013e241a55748d30d29a2a6fa04,2,2,/kaggle/working/denguewatch_yolov8n_workspace/raw_data/roboflow_mosquito-breeding-expanded_v3_yolov8/train/images/caixadagua_aguaparada_jpg.rf.3fb81e899e1b6142552e1db95f70120a.jpg | /kaggle/working/denguewatch_yolov8n_workspace/raw_data/roboflow_mosquito-breeding-expanded_v3_yolov8/train/images/caixadagua_aguaparada_jpg.rf.9cbe9e3efeb827ab66d68f6996da502a.jpg,/kaggle/working/denguewatch_yolov8n_workspace/raw_data/roboflow_mosquito-breeding-expanded_v3_yolov8/train/labels/caixadagua_aguaparada_jpg.rf.3fb81e899e1b6142552e1db95f70120a.txt | /kaggle/working/denguewatch_yolov8n_workspace/raw_data/roboflow_mosquito-breeding-expanded_v3_yolov8/train/labels/caixadagua_aguaparada_jpg.rf.9cbe9e3efeb827ab66d68f6996da502a.txt
e44b90d2a201cd64d10d2c79de51b878ffe8b0f3658b7bee9b9a07267e7b5313,2,2,/kaggle/working/denguewatch_yolov8n_workspace/raw_data/roboflow_mosquito-breeding-expanded_v3_yolov8/train/images/imagem28_jpg.rf.5ef0640e7ecd2916419efc5cbef821d5.jpg | /kaggle/working/denguewatch_yolov8n_workspace/raw_data/roboflow_mosquito-breeding-expanded_v3_yolov8/train/images/imagem28_jpg.rf.a9c516375ad40663c295e6a8428b93b2.jpg,/kaggle/working/denguewatch_yolov8n_workspace/raw_data/roboflow_mosquito-breeding-expanded_v3_yolov8/train/labels/imagem28_jpg.rf.5ef0640e7ecd2916419efc5cbef821d5.txt | /kaggle/working/denguewatch_yolov8n_workspace/raw_data/roboflow_mosquito-breeding-expanded_v3_yolov8/train/labels/imagem28_jpg.rf.a9c516375ad40663c295e6a8428b93b2.txt
e7764e0eaf170b1406b392bb00c230778164d1a9261db1976a066c245099ac9f,2,2,/kaggle/working/denguewatch_yolov8n_workspace/raw_data/roboflow_mosquito-breeding-expanded_v3_yolov8/train/images/dengue-2_jpeg_jpg.rf.429b0c4112784c1f3bef64e52b8b282b.jpg | /kaggle/working/denguewatch_yolov8n_workspace/raw_data/roboflow_mosquito-breeding-expanded_v3_yolov8/test/images/dengue-2_jpeg_jpg.rf.54b71c11f550f96eac975ccd1fc712ce.jpg,/kaggle/working/denguewatch_yolov8n_workspace/raw_data/roboflow_mosquito-breeding-expanded_v3_yolov8/train/labels/dengue-2_jpeg_jpg.rf.429b0c4112784c1f3bef64e52b8b282b.txt | /kaggle/working/denguewatch_yolov8n_workspace/raw_data/roboflow_mosquito-breeding-expanded_v3_yolov8/test/labels/dengue-2_jpeg_jpg.rf.54b71c11f550f96eac975ccd1fc712ce.txt
ebdc91e73c9444c99a1df61d4bcdc1be44f7969f1ac58f7aa80e1ca543acb177,2,2,/kaggle/working/denguewatch_yolov8n_workspace/raw_data/roboflow_mosquito-breeding-expanded_v3_yolov8/train/images/images-15-_jpg.rf.f836f85e9ad762978895f3c5b0c6e77f.jpg | /kaggle/working/denguewatch_yolov8n_workspace/raw_data/roboflow_mosquito-breeding-expanded_v3_yolov8/test/images/images-15-_jpg.rf.623150a2ca050e15f3ec6f7597a02cdf.jpg,/kaggle/working/denguewatch_yolov8n_workspace/raw_data/roboflow_mosquito-breeding-expanded_v3_yolov8/train/labels/images-15-_jpg.rf.f836f85e9ad762978895f3c5b0c6e77f.txt | /kaggle/working/denguewatch_yolov8n_workspace/raw_data/roboflow_mosquito-breeding-expanded_v3_yolov8/test/labels/images-15-_jpg.rf.623150a2ca050e15f3ec6f7597a02cdf.txt
f492244bd2e467c1704513715832152cb0b51bfd26bd7aecfae30f3f56299a30,2,2,/kaggle/working/denguewatch_yolov8n_workspace/raw_data/roboflow_mosquito-breeding-expanded_v3_yolov8/train/images/images-1-1-_jpg.rf.0d40c96b3d4cdd25073899a55879c516.jpg | /kaggle/working/denguewatch_yolov8n_workspace/raw_data/roboflow_mosquito-breeding-expanded_v3_yolov8/train/images/images-1-1-_jpg.rf.9b021d4b85c79160a0704b4806bc5064.jpg,/kaggle/working/denguewatch_yolov8n_workspace/raw_data/roboflow_mosquito-breeding-expanded_v3_yolov8/train/labels/images-1-1-_jpg.rf.0d40c96b3d4cdd25073899a55879c516.txt | /kaggle/working/denguewatch_yolov8n_workspace/raw_data/roboflow_mosquito-breeding-expanded_v3_yolov8/train/labels/images-1-1-_jpg.rf.9b021d4b85c79160a0704b4806bc5064.txt
f49b17dc2733f0794607c405c520f74ea955f91bdf1f0e07f5099c70d61b24d6,2,2,/kaggle/working/denguewatch_yolov8n_workspace/raw_data/roboflow_mosquito-breeding-expanded_v3_yolov8/train/images/download-1-1-_jpg.rf.d1d480f5a77bb8ba5a7eb485006c450a.jpg | /kaggle/working/denguewatch_yolov8n_workspace/raw_data/roboflow_mosquito-breeding-expanded_v3_yolov8/test/images/download-1-1-_jpg.rf.1a013572083d09d44f883befd75b9f03.jpg,/kaggle/working/denguewatch_yolov8n_workspace/raw_data/roboflow_mosquito-breeding-expanded_v3_yolov8/train/labels/download-1-1-_jpg.rf.d1d480f5a77bb8ba5a7eb485006c450a.txt | /kaggle/working/denguewatch_yolov8n_workspace/raw_data/roboflow_mosquito-breeding-expanded_v3_yolov8/test/labels/download-1-1-_jpg.rf.1a013572083d09d44f883befd75b9f03.txt
f75871e0fd16208fd76a2c6fe34e0fbfd1471e9146264eab7ba1b5ffe38323bd,2,2,/kaggle/working/denguewatch_yolov8n_workspace/raw_data/roboflow_mosquito-breeding-expanded_v3_yolov8/train/images/Foto_031-2015-Caixa-dagua-WIKIMEDIA_jpg.rf.12072c667acfae4d5abe1e6bbb6675cf.jpg | /kaggle/working/denguewatch_yolov8n_workspace/raw_data/roboflow_mosquito-breeding-expanded_v3_yolov8/train/images/Foto_031-2015-Caixa-dagua-WIKIMEDIA_jpg.rf.29595c99fa8b10037733c790d8dc7a90.jpg,/kaggle/working/denguewatch_yolov8n_workspace/raw_data/roboflow_mosquito-breeding-expanded_v3_yolov8/train/labels/Foto_031-2015-Caixa-dagua-WIKIMEDIA_jpg.rf.12072c667acfae4d5abe1e6bbb6675cf.txt | /kaggle/working/denguewatch_yolov8n_workspace/raw_data/roboflow_mosquito-breeding-expanded_v3_yolov8/train/labels/Foto_031-2015-Caixa-dagua-WIKIMEDIA_jpg.rf.29595c99fa8b10037733c790d8dc7a90.txt
f8a1c447a0353017a2ecff2d58c37ae6d03784732392cd8ffc71d8a7afc10e80,2,2,/kaggle/working/denguewatch_yolov8n_workspace/raw_data/roboflow_mosquito-breeding-expanded_v3_yolov8/train/images/images-5-_jpg.rf.32a57e66bb2edba15689d8350c25423c.jpg | /kaggle/working/denguewatch_yolov8n_workspace/raw_data/roboflow_mosquito-breeding-expanded_v3_yolov8/valid/images/images-5-_jpg.rf.b0e417f6115eeb226bc05c0b5842d415.jpg,/kaggle/working/denguewatch_yolov8n_workspace/raw_data/roboflow_mosquito-breeding-expanded_v3_yolov8/train/labels/images-5-_jpg.rf.32a57e66bb2edba15689d8350c25423c.txt | /kaggle/working/denguewatch_yolov8n_workspace/raw_data/roboflow_mosquito-breeding-expanded_v3_yolov8/valid/labels/images-5-_jpg.rf.b0e417f6115eeb226bc05c0b5842d415.txt
fa2d7fdee9ca1b415766003a968b4f57d6fecd975360b5b85250c48512432d65,2,2,/kaggle/working/denguewatch_yolov8n_workspace/raw_data/roboflow_mosquito-breeding-expanded_v3_yolov8/train/images/imagem21_jpg.rf.2eac0bcb7b4a209018e410504ae92f83.jpg | /kaggle/working/denguewatch_yolov8n_workspace/raw_data/roboflow_mosquito-breeding-expanded_v3_yolov8/test/images/imagem21_jpg.rf.ef3c1e39896e58cc3081001081438461.jpg,/kaggle/working/denguewatch_yolov8n_workspace/raw_data/roboflow_mosquito-breeding-expanded_v3_yolov8/train/labels/imagem21_jpg.rf.2eac0bcb7b4a209018e410504ae92f83.txt | /kaggle/working/denguewatch_yolov8n_workspace/raw_data/roboflow_mosquito-breeding-expanded_v3_yolov8/test/labels/imagem21_jpg.rf.ef3c1e39896e58cc3081001081438461.txt
ffcbf4526b45d39466909e7edd3281fe8fd42cee002256818f483f0cf8701bbf,2,2,/kaggle/working/denguewatch_yolov8n_workspace/raw_data/roboflow_mosquito-breeding-expanded_v3_yolov8/train/images/DSC09740_jpg.rf.5ddb5517320f68f5fcfcb9b4bdb5d217.jpg | /kaggle/working/denguewatch_yolov8n_workspace/raw_data/roboflow_mosquito-breeding-expanded_v3_yolov8/train/images/DSC09740_jpg.rf.afd6d3a2e8e0ab0e6fda460a54cd2b24.jpg,/kaggle/working/denguewatch_yolov8n_workspace/raw_data/roboflow_mosquito-breeding-expanded_v3_yolov8/train/labels/DSC09740_jpg.rf.5ddb5517320f68f5fcfcb9b4bdb5d217.txt | /kaggle/working/denguewatch_yolov8n_workspace/raw_data/roboflow_mosquito-breeding-expanded_v3_yolov8/train/labels/DSC09740_jpg.rf.afd6d3a2e8e0ab0e6fda460a54cd2b24.txt
ffd3667019d51ea65f924bb2da0fb1557c8e36ab67123523d5e983d47cb5ebad,2,2,/kaggle/working/denguewatch_yolov8n_workspace/raw_data/roboflow_mosquito-breeding-expanded_v3_yolov8/train/images/images-3-_jpg.rf.6cc7895b96c22f61c8e3ca1f6a3af93e.jpg | /kaggle/working/denguewatch_yolov8n_workspace/raw_data/roboflow_mosquito-breeding-expanded_v3_yolov8/train/images/images-3-_jpg.rf.6edd117ec9f603a041460fe24e993857.jpg,/kaggle/working/denguewatch_yolov8n_workspace/raw_data/roboflow_mosquito-breeding-expanded_v3_yolov8/train/labels/images-3-_jpg.rf.6cc7895b96c22f61c8e3ca1f6a3af93e.txt | /kaggle/working/denguewatch_yolov8n_workspace/raw_data/roboflow_mosquito-breeding-expanded_v3_yolov8/train/labels/images-3-_jpg.rf.6edd117ec9f603a041460fe24e993857.txt
